name,price,original_price,sale_price,currency,sku,in_stock,image_url,description,url
BOJE HP 301XL CH564EE COLOR,5500,6200,5500,L,,true,https://eurooffice.al/wp-content/uploads/2020/05/301-xl-COL.jpg,BOJE HP 301XL CH564EE COLOR,https://eurooffice.al/product/boje-hp-301xl-ch564ee-color/
BOJE HP 301 CH561EE Black,3200,3500,3200,L,,true,https://eurooffice.al/wp-content/uploads/2020/05/301-B.jpg,BOJE HP 301 CH561EE Black,https://eurooffice.al/product/boje-hp-301-ch561ee-black/
BOJE HP 301 CH562EE  COLOR,3000,3500,3000,L,,true,https://eurooffice.al/wp-content/uploads/2020/05/301-COLOR.jpg,BOJE HP 301 CH562EE COLOR,https://eurooffice.al/product/boje-hp-301-ch562ee-color/
"Toner HP LJ CE412A  YELLOW (305A) HP:COLOR LASERJET PRO M375NW, COLOR LASERJET PRO M451DN, COLOR LASERJET PRO M475DN, LASERJET PRO 300 M351A, LASERJET PRO 400 M451DN, LASERJET PRO 400 M451NW, LASERJET PRO MFP M475DW",18400,19800,18400,L,,true,https://eurooffice.al/wp-content/uploads/2020/05/ce-412-A.jpg,"Toner HP LJ CE412A YELLOW (305A) HP:COLOR LASERJET PRO M375NW, COLOR LASERJET PRO M451DN, COLOR LASERJET PRO M475DN, LASERJET PRO 300 M351A, LASERJET PRO 400 M451DN, LASERJET PRO 400 M451NW, LASERJET PRO MFP M475DW",https://eurooffice.al/product/toner-hp-lj-ce412a-yellow-305a-hpcolor-laserjet-pro-m375nw-color-laserjet-pro-m451dn-color-laserjet-pro-m475dn-laserjet-pro-300-m351a-laserjet-pro-400-m451dn-laserjet-pro-400-m451nw-laserjet/
BOJE HP 301XL CH563EE Black,6500,7000,6500,L,,true,https://eurooffice.al/wp-content/uploads/2020/05/u_08002917.jpg,BOJE HP 301XL CH563EE Black,https://eurooffice.al/product/boje-hp-301xl-ch561ee-black/
BOJE HP 302 F6U66AE BLACK,3200,3800,3200,L,,true,https://eurooffice.al/wp-content/uploads/2020/05/302.jpg,BOJE HP 302 F6U66AE BLACK,https://eurooffice.al/product/boje-hp-302-f6u66ae-black/
BOJE HP 302 F6U65AE COLOR,3700,4400,3700,L,,true,https://eurooffice.al/wp-content/uploads/2020/05/302-C.jpg,BOJE HP 302 F6U65AE COLOR,https://eurooffice.al/product/boje-hp-301xl-ch563ee-black/
BOJE HP 302XL F6U68AE BLACK,5500,6000,5500,L,,true,https://eurooffice.al/wp-content/uploads/2020/05/302XL-B.jpg,BOJE HP 302XL F6U68AE BLACK,https://eurooffice.al/product/boje-hp-302xl-f6u68ae-black-2/
BOJE HP 302XL F6U67AE COLOR,5700,6300,5700,L,,true,https://eurooffice.al/wp-content/uploads/2020/05/302XL.jpg,BOJE HP 302XL F6U67AE COLOR,https://eurooffice.al/product/boje-hp-302xl-f6u67ae-color/
"Toner kompatibel KIOCERA-MITA TK-160 :ECOSYS P2035D, FS-1120D, FS-1120DN",2000,3000,2000,L,,true,https://eurooffice.al/wp-content/uploads/2020/06/tk-160.jpg,"Toner kompatibel KIOCERA-MITA TK-160 :ECOSYS P2035D, FS-1120D, FS-1120DN",https://eurooffice.al/product/toner-kompatibel-kiocera-mita-tk-160-ecosys-p2035d-fs-1120d-fs-1120dn/
"Toner HP LJ CE413A  MAGENTA (305A) HP:COLOR LASERJET PRO M375NW, COLOR LASERJET PRO M451DN, COLOR LASERJET PRO M475DN, LASERJET PRO 300 M351A, LASERJET PRO 400 M451DN, LASERJET PRO 400 M451NW, LASERJET PRO MFP M475DW",18400,19800,18400,L,,true,https://eurooffice.al/wp-content/uploads/2020/05/CE-413A.jpg,"Toner HP LJ CE413A MAGENTA (305A) HP:COLOR LASERJET PRO M375NW, COLOR LASERJET PRO M451DN, COLOR LASERJET PRO M475DN, LASERJET PRO 300 M351A, LASERJET PRO 400 M451DN, LASERJET PRO 400 M451NW, LASERJET PRO MFP M475DW",https://eurooffice.al/product/toner-hp-lj-ce413a-magenta-305a-hpcolor-laserjet-pro-m375nw-color-laserjet-pro-m451dn-color-laserjet-pro-m475dn-laserjet-pro-300-m351a-laserjet-pro-400-m451dn-laserjet-pro-400-m451nw-laserje/
BOJE HP 302XL F6U68AE BLACK,5500,6200,5500,L,,true,https://eurooffice.al/wp-content/uploads/2020/05/302XL-B.jpg,BOJE HP 302XL F6U68AE BLACK,https://eurooffice.al/product/boje-hp-302xl-f6u68ae-black-3/
"Toner HP LJ CF230A HP:LASERJET PRO M203DN, LASERJET PRO M203DW, LASERJET PRO M227FDW, LASERJET PRO M227SDN",11000,13000,11000,L,,true,https://eurooffice.al/wp-content/uploads/2020/05/toner-hp-30a-original-cf230a.jpg,"Toner HP LJ CF230A HP:LASERJET PRO M203DN, LASERJET PRO M203DW, LASERJET PRO M227FDW, LASERJET PRO M227SDN",https://eurooffice.al/product/toner-hp-lj-cf226a-hplaserjet-pro-m402d-laserjet-pro-m402dn-laserjet-pro-m402dw-laserjet-pro-m402n-laserjet-pro-m425fdn-laserjet-pro-mfp-m426fdw/
"Toner HP LJ CF256X  LASERJET M436DN, LASERJET M436N, LASERJET M436NDA",7800,8500,7800,L,,true,https://eurooffice.al/wp-content/uploads/2020/06/256.jpg,"Toner HP LJ CF256X LASERJET M436DN, LASERJET M436N, LASERJET M436NDA",https://eurooffice.al/product/toner-hp-lj-cf256x-laserjet-m436dn-laserjet-m436n-laserjet-m436nda/
BOJE HP 304 N9K05AE COLOR,2500,3000,2500,L,,true,https://eurooffice.al/wp-content/uploads/2020/05/hp-304c-ink.jpg,BOJE HP 304 N9K05AE COLOR,https://eurooffice.al/product/boje-hp-304-n9k05ae-color/
BOJE HP 304 N9K06AE BLACK,2500,3000,2500,L,,true,https://eurooffice.al/wp-content/uploads/2020/05/hp-304-ink.jpg,BOJE HP 304 N9K06AE BLACK,https://eurooffice.al/product/boje-hp-304-n9k06ae-black/
BOJE HP 304XL N9K07AE COLOR,5000,5600,5000,L,,true,https://eurooffice.al/wp-content/uploads/2020/05/wh2-n9k07ae_01.jpg,BOJE HP 304XL N9K07AE COLOR,https://eurooffice.al/product/boje-hp-304xl-n9k07ae-color/
"Toner HP LJ CF410A BLACK HP:COLOR LASERJET PRO M452DN, COLOR LASERJET PRO M452NW, LASERJET PRO MFP M477FDN, LASERJET PRO MFP M477FDW, LASERJET PRO MFP M477FNW",16000,18000,16000,L,,true,https://eurooffice.al/wp-content/uploads/2020/05/CF-410.jpg,"Toner HP LJ CF410A HP:COLOR LASERJET PRO M452DN, COLOR LASERJET PRO M452NW, LASERJET PRO MFP M477FDN, LASERJET PRO MFP M477FDW, LASERJET PRO MFP M477FNW",https://eurooffice.al/product/toner-hp-lj-cf410a-hpcolor-laserjet-pro-m452dn-color-laserjet-pro-m452nw-laserjet-pro-mfp-m477fdn-laserjet-pro-mfp-m477fdw-laserjet-pro-mfp-m477fnw/
"Toner HP LJ CF411A CIAN HP:COLOR LASERJET PRO M452DN, COLOR LASERJET PRO M452NW, LASERJET PRO MFP M477FDN, LASERJET PRO MFP M477FDW, LASERJET PRO MFP M477FNW",20000,22000,20000,L,,true,https://eurooffice.al/wp-content/uploads/2020/05/CF-411.jpg,"Toner HP LJ CF411A CIAN HP:COLOR LASERJET PRO M452DN, COLOR LASERJET PRO M452NW, LASERJET PRO MFP M477FDN, LASERJET PRO MFP M477FDW, LASERJET PRO MFP M477FNW",https://eurooffice.al/product/toner-hp-lj-cf411a-cian-hpcolor-laserjet-pro-m452dn-color-laserjet-pro-m452nw-laserjet-pro-mfp-m477fdn-laserjet-pro-mfp-m477fdw-laserjet-pro-mfp-m477fnw/
BOJE HP 304XL N9K08AE BLACK,4800,5800,4800,L,,true,https://eurooffice.al/wp-content/uploads/2020/05/304xl.jpg,BOJE HP 304XL N9K08AE BLACK,https://eurooffice.al/product/boje-hp-304xl-n9k08ae-black/
"Toner HP LJ CF412A YELLOW HP:COLOR LASERJET PRO M452DN, COLOR LASERJET PRO M452NW, LASERJET PRO MFP M477FDN, LASERJET PRO MFP M477FDW, LASERJET PRO MFP M477FNW",20000,22000,20000,L,,true,https://eurooffice.al/wp-content/uploads/2020/05/CF-412A.jpg,"Toner HP LJ CF412A YELLOW HP:COLOR LASERJET PRO M452DN, COLOR LASERJET PRO M452NW, LASERJET PRO MFP M477FDN, LASERJET PRO MFP M477FDW, LASERJET PRO MFP M477FNW",https://eurooffice.al/product/toner-hp-lj-cf412a-yellow-hpcolor-laserjet-pro-m452dn-color-laserjet-pro-m452nw-laserjet-pro-mfp-m477fdn-laserjet-pro-mfp-m477fdw-laserjet-pro-mfp-m477fnw/
BOJE HP 45A 51645AE BLACK,9500,10200,9500,L,,true,https://eurooffice.al/wp-content/uploads/2020/05/hp-51645ae.jpg,BOJE HP 45A 51645AE BLACK,https://eurooffice.al/product/boje-hp-45a-51645ae-black/
"Toner HP LJ CF413A MAGENTA HP:COLOR LASERJET PRO M452DN, COLOR LASERJET PRO M452NW, LASERJET PRO MFP M477FDN, LASERJET PRO MFP M477FDW, LASERJET PRO MFP M477FNW",20000,22000,20000,L,,true,https://eurooffice.al/wp-content/uploads/2020/05/CF-413A.jpg,"Toner HP LJ CF413A MAGENTA HP:COLOR LASERJET PRO M452DN, COLOR LASERJET PRO M452NW, LASERJET PRO MFP M477FDN, LASERJET PRO MFP M477FDW, LASERJET PRO MFP M477FNW",https://eurooffice.al/product/toner-hp-lj-cf413a-magenta-hpcolor-laserjet-pro-m452dn-color-laserjet-pro-m452nw-laserjet-pro-mfp-m477fdn-laserjet-pro-mfp-m477fdw-laserjet-pro-mfp-m477fnw/
BOJE HP 650 CZ102AE COLOR,2200,2500,2200,L,,true,https://eurooffice.al/wp-content/uploads/2020/05/650color-CZ102A.jpg,BOJE HP 650 CZ102AE COLOR,https://eurooffice.al/product/boje-hp-650-cz102ae-color/
"Toner HP LJ Color  CF350A,CF351A,CF352A,CF353A",41700,43000,41700,L,,true,https://eurooffice.al/wp-content/uploads/2018/01/hp-toner-476.jpg,"Prodhuesi: HP Kodi Produktit: Toner HP LJ CF350A,CF351A,CF352A,CF353A Toner HP per Printera Laser. Ky produkt cilesor ofron saktesi dhe definicion te larte per dokumentat e printuar. Instalohet lehtesisht ne printerin tuaj. Te gjitha produktet tona jane te nje cilesie te larte dhe me cmimet me konkurruese ne treg. Ne tregohemi te kujdesshem ne perzgjedhjen e partnereve tane per te sjelle prane jush produkte cilesore. Tek ne do te gjeni gjithe gamen e artikujve qe ju nevojitet ne zyra, institucione si dhe artikuj shkollore.",https://eurooffice.al/product/hp-toner-476/
Toner HP LJ Color cian  CF381A      312A,23000,24000,23000,L,,true,https://eurooffice.al/wp-content/uploads/2020/05/HPCF381A.png,Prodhuesi: HP Kodi Produktit:Toner HP LJ Color cian CF381A 312A,https://eurooffice.al/product/toner-hp-lj-color-cian-cf381a-312a/
Toner HP LJ Color magenta  CF383A      312A,21000,22200,21000,L,,true,https://eurooffice.al/wp-content/uploads/2020/05/0002359_hp-312a-.jpeg,Prodhuesi: HP Kodi Produktit:Toner HP LJ Color magenta CF383A 312A,https://eurooffice.al/product/toner-hp-lj-color-magenta-cf383a-312a/
Toner HP LJ Color Yellow  CF382A      312A,21000,22200,21000,L,,true,https://eurooffice.al/wp-content/uploads/2020/05/HPCF382A.png,Prodhuesi: HP Kodi Produktit:Toner HP LJ Color Yellow CF382A 312A,https://eurooffice.al/product/toner-hp-lj-color-yellow-cf382a-312a/
"Toner HP LJ HP:LASERJET PRO M402D, LASERJET PRO M402DN, LASERJET PRO M402DW, LASERJET PRO M402N, LASERJET PRO M425FDN, LASERJET PRO MFP M426FDW HP:LASERJET PRO M102, LASERJET PRO M102A, LASERJET PRO M102W, LASERJET PRO MFP M130, LASERJET PRO MFP M130A, LASERJET PRO MFP M130FN, LASERJET PRO MFP M130FW, LASERJET PRO MFP M130NW (Copy)",11500,13000,11500,L,,true,https://eurooffice.al/wp-content/uploads/2020/05/219a.jpg,"Cilinder (Drum) HP LJ CF219A HP:LASERJET PRO M102, LASERJET PRO M102A, LASERJET PRO M102W, LASERJET PRO MFP M130, LASERJET PRO MFP M130A, LASERJET PRO MFP M130FN, LASERJET PRO MFP M130FW, LASERJET PRO MFP M130NW",https://eurooffice.al/product/toner-hp-lj-hplaserjet-pro-m402d-laserjet-pro-m402dn-laserjet-pro-m402dw-laserjet-pro-m402n-laserjet-pro-m425fdn-laserjet-pro-mfp-m426fdw-hplaserjet-pro-m102-laserjet-pro-m102a-laserjet-pro-m/
Toner HP LJ Q6001A   Cian,16000,17500,16000,L,,true,https://eurooffice.al/wp-content/uploads/2020/05/6001.jpeg,Prodhuesi: HP Kodi Produktit:Toner HP LJ Q6001A Cian,https://eurooffice.al/product/toner-hp-lj-q6001a-cian/
Toner HP LJ Q6002A   Yellow,14500,15500,14500,L,,true,https://eurooffice.al/wp-content/uploads/2020/05/6002.jpg,Prodhuesi: HP Kodi Produktit:Toner HP LJ Q6002A Yellow,https://eurooffice.al/product/toner-hp-lj-q6002a-yellow/
Toner HP LJ Q6003A   Magenta,16000,17500,16000,L,,false,https://eurooffice.al/wp-content/uploads/2020/05/HP-Q6003A.jpg,Prodhuesi: HP Kodi Produktit:Toner HP LJ Q6003A Magenta,https://eurooffice.al/product/toner-hp-lj-q6003a-magenta/
"Toner kompatibel  HP LJ W1360A  , 209a/LJ211ser./MFP 233dw/234dw/236DN/M208 black WITH CHIP No.136A (1.15k)",3000,4000,3000,L,,true,https://eurooffice.al/wp-content/uploads/2025/04/w1360a.jpg,"Toner kompatibel HP LJ CF217A HP:LASERJET PRO M102A, LASERJET PRO M102W, LASERJET PRO M130A, LASERJET PRO M130FN, LASERJET PRO M130FW, LASERJET PRO M130NW,",https://eurooffice.al/product/toner-kompatibel-hp-w1360a-209a-lj211ser-mfp-233dw-234dw-236dn-m208-black-with-chip-no-136a-1-15k/
Toner kompatibel  HP LJ W1500A M141/M111 series black (0.975k) No.150A WITH CHIP,3800,5000,3800,L,,true,https://eurooffice.al/wp-content/uploads/2025/04/Ricoh-sp-330.jpg,"Toner kompatibel HP LJ CF217A HP:LASERJET PRO M102A, LASERJET PRO M102W, LASERJET PRO M130A, LASERJET PRO M130FN, LASERJET PRO M130FW, LASERJET PRO M130NW,",https://eurooffice.al/product/toner-kompatibel-hp-lj-w1500a-m141-m111-series-black-0-975k-no-150a-with-chip/
"Toner kompatibel BROTHER TN-1050  DCP 1510, DCP 1510R, DCP 1512R, DCP 1610W, HL 1110, HL 1110R, HL 1112R, HL 1210W, MFC 1810, MFC 1810R, MFC 1815, MFC 1815R, MFC 1910W",2500,3500,2500,L,,true,https://eurooffice.al/wp-content/uploads/2020/06/br1050.jpg,"Toner kompatibel BROTHER TN-1050 DCP 1510, DCP 1510R, DCP 1512R, DCP 1610W, HL 1110, HL 1110R, HL 1112R, HL 1210W, MFC 1810, MFC 1810R, MFC 1815, MFC 1815R, MFC 1910W",https://eurooffice.al/product/toner-kompatibel-brother-tn-1050-dcp-1510-dcp-1510r-dcp-1512r-dcp-1610w-hl-1110-hl-1110r-hl-1112r-hl-1210w-mfc-1810-mfc-1810r-mfc-1815-mfc-1815r-mfc-1910w/
"Toner kompatibel BROTHER TN-2000 ,TN-2005   DCP 7010, DCP 7025, FAX 2820, FAX 2920, HL 2030, HL 2035, HL 2037, HL 2040, HL 2070N, MFC 7225N, MFC 7420, MFC 7820N",2800,4000,2800,L,,true,https://eurooffice.al/wp-content/uploads/2020/06/TN-2000.jpg,"Toner kompatibel BROTHER TN-2000 ,TN-2005 DCP 7010, DCP 7025, FAX 2820, FAX 2920, HL 2030, HL 2035, HL 2037, HL 2040, HL 2070N, MFC 7225N, MFC 7420, MFC 7820N",https://eurooffice.al/product/toner-kompatibel-brother-tn-2000-tn-2005-dcp-7010-dcp-7025-fax-2820-fax-2920-hl-2030-hl-2035-hl-2037-hl-2040-hl-2070n-mfc-7225n-mfc-7420-mfc-7820n/
"Toner kompatibel BROTHER TN-2120   DCP 7030, DCP 7040, DCP 7045N, HL 2140, HL 2150N, HL 2170W, MFC 7320, MFC 7440N, MFC 7840W",4000,5000,4000,L,,true,https://eurooffice.al/wp-content/uploads/2020/06/2120.jpg,"Toner kompatibel BROTHER TN-2120 DCP 7030, DCP 7040, DCP 7045N, HL 2140, HL 2150N, HL 2170W, MFC 7320, MFC 7440N, MFC 7840W",https://eurooffice.al/product/toner-kompatibel-brother-tn-2120-dcp-7030-dcp-7040-dcp-7045n-hl-2140-hl-2150n-hl-2170w-mfc-7320-mfc-7440n-mfc-7840w/
"Toner XEROX WORKCENTRE 5225, WORKCENTRE 5230, 106R01413",12500,13500,12500,L,,true,https://eurooffice.al/wp-content/uploads/2020/05/xerox-workcentre-5222-106r01413-5230.jpg,"Prodhuesi: Xerox Modeli:Toner XEROX WORKCENTRE 5225, WORKCENTRE 5230, 106R01413 Toner Xerox per Printera Laser. Ky produkt cilesor ofron saktesi dhe definicion te larte per dokumentat e printuar. Instalohet lehtesisht ne printerin tuaj. Toner i zi qe mund te printoj ne total 3,000 flete. Te gjitha produktet tona jane te nje cilesie te larte dhe me cmimet me konkurruese ne treg. Ne tregohemi te kujdesshem ne perzgjedhjen e partnereve tane per te sjelle prane jush produkte cilesore. Tek ne do te gjeni gjithe gamen e artikujve qe ju nevojitet ne zyra, institucione si dhe artikuj shkollore.",https://eurooffice.al/product/toner-xerox-workcentre-5225-workcentre-5230-106r01413/
"Toner kompatibel BROTHER TN-2220   DCP 7055, DCP 7055W, DCP 7057, DCP 7057E, DCP 7060D, DCP 7065DN, DCP 7070DW, FAX 2840, FAX 2845, FAX 2940, HL 2130, HL 2132, HL 2135W, HL 2220, HL 2230, HL 2240D, HL 2242D, HL 2250DN, HL 2270DW, HL 2280DW, MFC 7360N, MFC 7460DN, MFC 7860DW",3500,4500,3500,L,,true,https://eurooffice.al/wp-content/uploads/2020/06/2220.jpg,"Toner kompatibel BROTHER TN-2220 DCP 7055, DCP 7055W, DCP 7057, DCP 7057E, DCP 7060D, DCP 7065DN, DCP 7070DW, FAX 2840, FAX 2845, FAX 2940, HL 2130, HL 2132, HL 2135W, HL 2220, HL 2230, HL 2240D, HL 2242D, HL 2250DN, HL 2270DW, HL 2280DW, MFC 7360N, MFC 7460DN, MFC 7860DW",https://eurooffice.al/product/toner-kompatibel-brother-tn-2220-dcp-7055-dcp-7055w-dcp-7057-dcp-7057e-dcp-7060d-dcp-7065dn-dcp-7070dw-fax-2840-fax-2845-fax-2940-hl-2130-hl-2132-hl-2135w-hl-2220-hl-2230-hl-2240d-hl/
"Toner kompatibel BROTHER TN-2320 DCP L2500D, DCP L2540DN, HL L2300D, HL L2340DW, HL L2360DN, HL L2365DW, MFC L2700DN, MFC L2700DW, MFC L2720DW, MFC L2740DW",3500,4000,3500,L,,true,https://eurooffice.al/wp-content/uploads/2020/06/tn-2320.jpg,"Toner kompatibel BROTHER TN-2320 DCP L2500D, DCP L2540DN, HL L2300D, HL L2340DW, HL L2360DN, HL L2365DW, MFC L2700DN, MFC L2700DW, MFC L2720DW, MFC L2740DW",https://eurooffice.al/product/toner-kompatibel-brother-tn-2320-dcp-l2500d-dcp-l2540dn-hl-l2300d-hl-l2340dw-hl-l2360dn-hl-l2365dw-mfc-l2700dn-mfc-l2700dw-mfc-l2720dw-mfc-l2740dw/
"Toner kompatibel BROTHER TN-2420  DCP L2510D, DCP L2550DN, HL L2310D, HL L2350DW, HL L2370DN, HL L2375DW, MFC L2710DN, MFC L2710DW, MFC L2730DW, MFC L2750DW",3500,5000,3500,L,,true,https://eurooffice.al/wp-content/uploads/2020/06/tn-2320.jpg,"Toner kompatibel BROTHER TN-2420 DCP L2510D, DCP L2550DN, HL L2310D, HL L2350DW, HL L2370DN, HL L2375DW, MFC L2710DN, MFC L2710DW, MFC L2730DW, MFC L2750DW",https://eurooffice.al/product/toner-kompatibel-brother-tn-2420-dcp-l2510d-dcp-l2550dn-hl-l2310d-hl-l2350dw-hl-l2370dn-hl-l2375dw-mfc-l2710dn-mfc-l2710dw-mfc-l2730dw-mfc-l2750dw/
"Toner kompatibel BROTHER TN-3130   DCP 8060, DCP 8065DN, HL 5240, HL 5250DN, HL 5270DN, HL 5280DW, MFC 8460N, MFC 8860DN, MFC 8870DW",4000,5000,4000,L,,true,https://eurooffice.al/wp-content/uploads/2020/06/3130.jpg,"Toner kompatibel BROTHER TN-3130 DCP 8060, DCP 8065DN, HL 5240, HL 5250DN, HL 5270DN, HL 5280DW, MFC 8460N, MFC 8860DN, MFC 8870DW",https://eurooffice.al/product/toner-kompatibel-brother-tn-3130-dcp-8060-dcp-8065dn-hl-5240-hl-5250dn-hl-5270dn-hl-5280dw-mfc-8460n-mfc-8860dn-mfc-8870dw/
"Toner kompatibel BROTHER TN-3230  DCP 8085DN, HL 5340D, HL 5340DL, HL 5350DN, HL 5350DNLT, HL 5380DN, MFC 8370DN, MFC 8890DW",2800,4000,2800,L,,true,https://eurooffice.al/wp-content/uploads/2020/05/718ccd1ks2L._SL1281_.jpg,"Toner kompatibel BROTHER TN-3230 DCP 8085DN, HL 5340D, HL 5340DL, HL 5350DN, HL 5350DNLT, HL 5380DN, MFC 8370DN, MFC 8890DW",https://eurooffice.al/product/toner-kompatibel-brother-tn-3230-dcp-8085dn-hl-5340d-hl-5340dl-hl-5350dn-hl-5350dnlt-hl-5380dn-mfc-8370dn-mfc-8890dw/
"Toner kompatibel BROTHER TN-3330  DCP 8110DN, DCP 8250DN, HL 5440D, HL 5450DN, HL 5470DW, HL 6180DW, HL 6180DWT, MFC 8510DN, MFC 8520DN, MFC 8950DW, MFC 8950DWT",2800,4000,2800,L,,true,https://eurooffice.al/wp-content/uploads/2020/05/718ccd1ks2L._SL1281_.jpg,"Toner kompatibel BROTHER TN-3330 DCP 8110DN, DCP 8250DN, HL 5440D, HL 5450DN, HL 5470DW, HL 6180DW, HL 6180DWT, MFC 8510DN, MFC 8520DN, MFC 8950DW, MFC 8950DWT",https://eurooffice.al/product/toner-kompatibel-brother-tn-3330-dcp-8110dn-dcp-8250dn-hl-5440d-hl-5450dn-hl-5470dw-hl-6180dw-hl-6180dwt-mfc-8510dn-mfc-8520dn-mfc-8950dw-mfc-8950dwt/
"Toner kompatibel BROTHER TN-3380   DCP 8110DN, DCP 8250DN, HL 5440D, HL 5450DN, HL 5470DW, HL 6180DW, HL 6180DWT, MFC 8510DN, MFC 8520DN, MFC 8950DW, MFC 8950DWT",2800,4000,2800,L,,true,https://eurooffice.al/wp-content/uploads/2020/06/3380.jpg,"Toner kompatibel BROTHER TN-3380 DCP 8110DN, DCP 8250DN, HL 5440D, HL 5450DN, HL 5470DW, HL 6180DW, HL 6180DWT, MFC 8510DN, MFC 8520DN, MFC 8950DW, MFC 8950DWT",https://eurooffice.al/product/toner-kompatibel-brother-tn-3380-dcp-8110dn-dcp-8250dn-hl-5440d-hl-5450dn-hl-5470dw-hl-6180dw-hl-6180dwt-mfc-8510dn-mfc-8520dn-mfc-8950dw-mfc-8950dwt/
"Toner kompatibel BROTHER TN-3480  DCP L5500DN, DCP L6600DW, HL L5000D, HL L5100DN, HL L5200DW, HL L6300DW, HL L6400DW, HL L6400DWT, MFC L5700DN, MFC L5750DW, MFC L6800DW, MFC L6900DW, MFC L6900DWT, MFC L6970DW",4000,5000,4000,L,,true,https://eurooffice.al/wp-content/uploads/2020/06/3480.jpg,"Toner kompatibel BROTHER TN-3480 DCP L5500DN, DCP L6600DW, HL L5000D, HL L5100DN, HL L5200DW, HL L6300DW, HL L6400DW, HL L6400DWT, MFC L5700DN, MFC L5750DW, MFC L6800DW, MFC L6900DW, MFC L6900DWT, MFC L6970DW",https://eurooffice.al/product/toner-kompatibel-brother-tn-3480-dcp-l5500dn-dcp-l6600dw-hl-l5000d-hl-l5100dn-hl-l5200dw-hl-l6300dw-hl-l6400dw-hl-l6400dwt-mfc-l5700dn-mfc-l5750dw-mfc-l6800dw-mfc-l6900dw-mfc-l6900dwt-mf/
"Toner kompatibel HP LASER JET Q7553A  LASERJET P2015, LASERJET P2015D, LASERJET P2015DN, LASERJET P2015N, LASERJET P2015X",4500,5500,4500,L,,true,https://eurooffice.al/wp-content/uploads/2020/06/HP-2015.jpg,"Toner kompatibel HP LASER JET Q7553A LASERJET P2015, LASERJET P2015D, LASERJET P2015DN, LASERJET P2015N, LASERJET P2015X",https://eurooffice.al/product/toner-kompatibel-hp-laser-jet-q7553a-laserjet-p2015-laserjet-p2015d-laserjet-p2015dn-laserjet-p2015n-laserjet-p2015x/
"Toner kompatibel HP LJ C4129X  HP:LASERJET 5000, LASERJET 5000DN, LASERJET 5000GN, LASERJET 5000N, LASERJET 5100, LASERJET 5100DTN, LASERJET 5100TN",8000,9500,8000,L,,true,https://eurooffice.al/wp-content/uploads/2020/05/718ccd1ks2L._SL1281_.jpg,"Toner kompatibel HP LJ C4129X HP:LASERJET 5000, LASERJET 5000DN, LASERJET 5000GN, LASERJET 5000N, LASERJET 5100, LASERJET 5100DTN, LASERJET 5100TN",https://eurooffice.al/product/toner-kompatibel-hp-lj-c4129x-hplaserjet-5000-laserjet-5000dn-laserjet-5000gn-laserjet-5000n-laserjet-5100-laserjet-5100dtn-laserjet-5100tn/
"Toner kompatibel HP LJ CB436A   HP:LASERJET M1120MFP, LASERJET M1120N MFP, LASERJET M1522N MFP, LASERJET M1522NF MFP, LASERJET P1505, LASERJET P1505N",2000,2500,2000,L,,true,https://eurooffice.al/wp-content/uploads/2020/05/436.jpg,"Toner kompatibel HP LJ CB436A HP:LASERJET M1120MFP, LASERJET M1120N MFP, LASERJET M1522N MFP, LASERJET M1522NF MFP, LASERJET P1505, LASERJET P1505N,",https://eurooffice.al/product/toner-kompatibel-hp-lj-cb436a-hplaserjet-m1120mfp-laserjet-m1120n-mfp-laserjet-m1522n-mfp-laserjet-m1522nf-mfp-laserjet-p1505-laserjet-p1505n/
"Toner kompatibel HP LJ CE255A  HP:LASERJET P3015, LASERJET P3015D, LASERJET P3015DN, LASERJET P3015X",4000,5000,4000,L,,true,https://eurooffice.al/wp-content/uploads/2020/05/modeli.jpg,"Toner kompatibel HP LJ CE255A HP:LASERJET P3015, LASERJET P3015D, LASERJET P3015DN, LASERJET P3015X",https://eurooffice.al/product/toner-kompatibel-hp-lj-ce255a-hplaserjet-p3015-laserjet-p3015d-laserjet-p3015dn-laserjet-p3015x/
"Toner kompatibel HP LJ CE255X  HP:LASERJET P3015, LASERJET P3015D, LASERJET P3015DN, LASERJET P3015X",5000,6000,5000,L,,true,https://eurooffice.al/wp-content/uploads/2020/05/modeli.jpg,"Toner kompatibel HP LJ CE255X HP:LASERJET P3015, LASERJET P3015D, LASERJET P3015DN, LASERJET P3015X",https://eurooffice.al/product/toner-kompatibel-hp-lj-ce255x-hplaserjet-p3015-laserjet-p3015d-laserjet-p3015dn-laserjet-p3015x/
"Toner kompatibel HP LJ CE278A   HP:LASERJET PRO M1536DNF, LASERJET PRO P1566, LASERJET PRO P1606DN, LASERJET PRO P1607DN, LASERJET PRO P1608DN, LASERJET PRO P1609DN",2000,2500,2000,L,,true,https://eurooffice.al/wp-content/uploads/2020/05/modeli.jpg,"Toner kompatibel HP LJ CE278A HP:LASERJET PRO M1536DNF, LASERJET PRO P1566, LASERJET PRO P1606DN, LASERJET PRO P1607DN, LASERJET PRO P1608DN, LASERJET PRO P1609DN",https://eurooffice.al/product/toner-kompatibel-hp-lj-cb435a-hplaserjet-p1005-laserjet-p1006-laserjet-p1007-laserjet-p1008/
"Toner kompatibel HP LJ CE285A  LASERJET PRO M1132, LASERJET PRO M1212NF MFP, LASERJET PRO M1217NFW MFP, LASERJET PRO P1102, LASERJET PRO P1102W,",1700,3000,1700,L,,true,https://eurooffice.al/wp-content/uploads/2018/05/ce285a_2.jpg,"Toner kompatibel HP LJ CE285A LASERJET PRO M1132, LASERJET PRO M1212NF MFP, LASERJET PRO M1217NFW MFP, LASERJET PRO P1102, LASERJET PRO P1102W,",https://eurooffice.al/product/toner-kompatibel-hp-lj-ce285a-laserjet-pro-m1132-laserjet-pro-m1212nf-mfp-laserjet-pro-m1217nfw-mfp-laserjet-pro-p1102-laserjet-pro-p1102w/
"Toner kompatibel HP LJ CE505A  HP:LASERJET P2035, LASERJET P2055D, LASERJET P2055DN",2500,3500,2500,L,,true,https://eurooffice.al/wp-content/uploads/2020/05/modeli.jpg,"Toner kompatibel HP LJ CE505A HP:LASERJET P2035, LASERJET P2055D, LASERJET P2055DN",https://eurooffice.al/product/toner-kompatibel-hp-lj-ce505a-hplaserjet-p2035-laserjet-p2055d-laserjet-p2055dn/
"Toner kompatibel HP LJ CE505X  HP:LASERJET P2035, LASERJET P2055D, LASERJET P2055DN",4000,5000,4000,L,,true,https://eurooffice.al/wp-content/uploads/2020/05/modeli.jpg,"Toner kompatibel HP LJ CE505X HP:LASERJET P2035, LASERJET P2055D, LASERJET P2055DN",https://eurooffice.al/product/toner-kompatibel-hp-lj-ce505x-hplaserjet-p2035-laserjet-p2055d-laserjet-p2055dn/
"Toner kompatibel HP LJ CF217A   HP:LASERJET PRO M102A, LASERJET PRO M102W, LASERJET PRO M130A, LASERJET PRO M130FN, LASERJET PRO M130FW, LASERJET PRO M130NW",3000,4000,3000,L,,true,https://eurooffice.al/wp-content/uploads/2020/05/aster-hf217a_2.jpg,"Toner kompatibel HP LJ CF217A HP:LASERJET PRO M102A, LASERJET PRO M102W, LASERJET PRO M130A, LASERJET PRO M130FN, LASERJET PRO M130FW, LASERJET PRO M130NW,",https://eurooffice.al/product/toner-kompatibel-hp-lj-cf217a-hplaserjet-pro-m102a-laserjet-pro-m102w-laserjet-pro-m130a-laserjet-pro-m130fn-laserjet-pro-m130fw-laserjet-pro-m130nw/
"Toner kompatibel HP LJ CF226A   HP:LASERJET PRO M402D, LASERJET PRO M402DN, LASERJET PRO M402DW, LASERJET PRO M402N, LASERJET PRO M425FDN, LASERJET PRO MFP M426FDW",4000,4500,4000,L,,true,https://eurooffice.al/wp-content/uploads/2020/05/modeli.jpg,"Toner kompatibel HP LJ CF226A HP:LASERJET PRO M402D, LASERJET PRO M402DN, LASERJET PRO M402DW, LASERJET PRO M402N, LASERJET PRO M425FDN, LASERJET PRO MFP M426FDW",https://eurooffice.al/product/toner-kompatibel-hp-lj-cf226a-hplaserjet-pro-m402d-laserjet-pro-m402dn-laserjet-pro-m402dw-laserjet-pro-m402n-laserjet-pro-m425fdn-laserjet-pro-mfp-m426fdw/
"Toner kompatibel HP LJ CF230A HP:LASERJET PRO M203DN, LASERJET PRO M203DW, LASERJET PRO M227FDW, LASERJET PRO M227SDN",4500,5500,4500,L,,true,https://eurooffice.al/wp-content/uploads/2020/05/modeli.jpg,"Toner kompatibel HP LJ CF230A HP:LASERJET PRO M203DN, LASERJET PRO M203DW, LASERJET PRO M227FDW, LASERJET PRO M227SDN",https://eurooffice.al/product/toner-kompatibel-hp-lj-cf230a-hplaserjet-pro-m203dn-laserjet-pro-m203dw-laserjet-pro-m227fdw-laserjet-pro-m227sdn/
BOJE HP 652    F6V24AE  COLOR (Copy),2500,3000,2500,L,,true,https://eurooffice.al/wp-content/uploads/2020/05/652-B.jpg,BOJE HP 652 F6V25AE BLACK,https://eurooffice.al/product/boje-hp-652-f6v24ae-color-copy/
"Toner kompatibel HP LJ CF280A  HP:LASERJET PRO 400 M401A, LASERJET PRO 400 M401D, LASERJET PRO 400 M401DN, LASERJET PRO 400 M401DNE,",4500,5500,4500,L,,true,https://eurooffice.al/wp-content/uploads/2020/05/ir2-1.jpg,"Toner kompatibel HP LJ CF280A HP:LASERJET PRO 400 M401A, LASERJET PRO 400 M401D, LASERJET PRO 400 M401DN, LASERJET PRO 400 M401DNE",https://eurooffice.al/product/toner-kompatibel-hp-lj-cf280a-hplaserjet-pro-400-m401a-laserjet-pro-400-m401d-laserjet-pro-400-m401dn-laserjet-pro-400-m401dne/
BOJE HP 652   F6V24AE  COLOR,2500,3000,2500,L,,true,https://eurooffice.al/wp-content/uploads/2020/05/652-color.jpg,BOJE HP 652 F6V24AE COLOR,https://eurooffice.al/product/boje-hp-652-f6v24ae-color/
"Toner kompatibel HP LJ CF283XU 2400K   HP:LASERJET PRO MFP M125NW, LASERJET PRO MFP M127FN, LASERJET PRO MFP M127FW, LASERJET PRO MFP M201, LASERJET PRO MFP M225",2500,3000,2500,L,,true,https://eurooffice.al/wp-content/uploads/2020/05/aster-h283xu_3.jpg,"Toner kompatibel HP LJ CF283XU 2400K HP:LASERJET PRO MFP M125NW, LASERJET PRO MFP M127FN, LASERJET PRO MFP M127FW, LASERJET PRO MFP M201, LASERJET PRO MFP M225",https://eurooffice.al/product/toner-kompatibel-hp-lj-cf283xu-2400k-hplaserjet-pro-mfp-m125nw-laserjet-pro-mfp-m127fn-laserjet-pro-mfp-m127fw-laserjet-pro-mfp-m201-laserjet-pro-mfp-m225/
"Toner kompatibel HP LJ Cf540X ,HP:COLOR LASERJET PRO M254DW, COLOR LASERJET PRO M254NW, COLOR LASERJET PRO MFP M280NW, COLOR LASERJET PRO MFP M281FDN, COLOR LASERJET PRO MFP M281FDW",5000,7200,5000,L,,true,https://eurooffice.al/wp-content/uploads/2020/05/m254.gif,"Toner kompatibel HP LJ Cf540X ,HP:COLOR LASERJET PRO M254DW, COLOR LASERJET PRO M254NW, COLOR LASERJET PRO MFP M280NW, COLOR LASERJET PRO MFP M281FDN, COLOR LASERJET PRO MFP M281FDW",https://eurooffice.al/product/toner-kompatibel-hp-lj-cf540x-hpcolor-laserjet-pro-m254dw-color-laserjet-pro-m254nw-color-laserjet-pro-mfp-m280nw-color-laserjet-pro-mfp-m281fdn-color-laserjet-pro-mfp-m281fdw/
BOJE HP 652   F6V24AE  COLOR,2500,3000,2500,L,,true,https://eurooffice.al/wp-content/uploads/2020/05/652-color.jpg,BOJE HP 652 F6V24AE COLOR,https://eurooffice.al/product/boje-hp-652-f6v24ae-color-2/
"Toner kompatibel KIOCERA-MITA TK-170 :ECOSYS P2135D, ECOSYS P2135DN, FS-1320D, FS-1370DN",2000,3000,2000,L,,true,https://eurooffice.al/wp-content/uploads/2020/06/TK-170.jpg,"Toner kompatibel KIOCERA-MITA TK-170 :ECOSYS P2135D, ECOSYS P2135DN, FS-1320D, FS-1370DN",https://eurooffice.al/product/toner-kompatibel-kiocera-mita-tk-170-ecosys-p2135d-ecosys-p2135dn-fs-1320d-fs-1370dn/
"Toner kompatibel KIOCERA-MITA TK-3100  ECOSYS M3040DN, ECOSYS M3540DN, FS-2100D, FS-4200DN",3000,4000,3000,L,,true,https://eurooffice.al/wp-content/uploads/2020/06/TK-3100.jpg,"Toner kompatibel KIOCERA-MITA TK-3100 ECOSYS M3040DN, ECOSYS M3540DN, FS-2100D, FS-4200DN",https://eurooffice.al/product/toner-kompatibel-kiocera-mita-tk-3100-ecosys-m3040dn-ecosys-m3540dn-fs-2100d-fs-4200dn/
Toner  Brother TN-2330,9000,10500,9000,L,,true,https://eurooffice.al/wp-content/uploads/2020/05/2330.jpg,"Prodhuesi: Brother Modeli: Toner Brother TN-2330 Toner Brother per Printera Laser. Ky produkt cilesor ofron saktesi dhe definicion te larte per dokumentat e printuar. Instalohet lehtesisht ne printerin tuaj. Toner qe mund te printoj ne total 3,000 flete. Te gjitha produktet tona jane te nje cilesie te larte dhe me cmimet me konkurruese ne treg. Ne tregohemi te kujdesshem ne perzgjedhjen e partnereve tane per te sjelle prane jush produkte cilesore. Tek ne do te gjeni gjithe gamen e artikujve qe ju nevojitet ne zyra, institucione si dhe artikuj shkollore.",https://eurooffice.al/product/toner-brother-tn-2330/
"Toner kompatibel KIOCERA-MITA TK-4105 :TASKalfa 1800, TASKalfa 1801, TASKalfa 2200, TASKalfa 2201",5500,6500,5500,L,,true,https://eurooffice.al/wp-content/uploads/2020/06/tk-4105_1.gif,"Toner kompatibel KIOCERA-MITA TK-4105 :TASKalfa 1800, TASKalfa 1801, TASKalfa 2200, TASKalfa 2201",https://eurooffice.al/product/toner-kompatibel-kiocera-mita-tk-4105-taskalfa-1800-taskalfa-1801-taskalfa-2200-taskalfa-2201/
"Toner kompatibel KIOCERA-MITA TK-475 :FS-6025MFP, FS-6030MFP, FS-6525MFP, FS-6530MFP",5000,6000,5000,L,,true,https://eurooffice.al/wp-content/uploads/2020/05/TK-475..png,"Toner kompatibel KIOCERA-MITA TK-475 :FS-6025MFP, FS-6030MFP, FS-6525MFP, FS-6530MFP",https://eurooffice.al/product/toner-kompatibel-kiocera-mita-tk-475-fs-6025mfp-fs-6030mfp-fs-6525mfp-fs-6530mfp/
BOJE HP 901 CC653AE BLACK,2900,3500,2900,L,,true,https://eurooffice.al/wp-content/uploads/2020/05/901.jpg,BOJE HP 901 CC653AE BLACK,https://eurooffice.al/product/boje-hp-901-cc653ae-black/
"Toner kompatibel RICOH  Type 1270D AFICIO 1515, AFICIO 1515F, AFICIO 1515MF, AFICIO 1515PS, AFICIO MP 161, AFICIO MP 161L, AFICIO MP 161LN, AFICIO MP 171, AFICIO MP 171F, AFICIO MP 171SPF, AFICIO MP 201",2500,3000,2500,L,,true,https://eurooffice.al/wp-content/uploads/2020/06/R-1270.jpg,"Toner kompatibel RICOH Type 1270D AFICIO 1515, AFICIO 1515F, AFICIO 1515MF, AFICIO 1515PS, AFICIO MP 161, AFICIO MP 161L, AFICIO MP 161LN, AFICIO MP 171, AFICIO MP 171F, AFICIO MP 171SPF, AFICIO MP 201",https://eurooffice.al/product/toner-kompatibel-ricoh-type-1270d-aficio-1515-aficio-1515f-aficio-1515mf-aficio-1515ps-aficio-mp-161-aficio-mp-161l-aficio-mp-161ln-aficio-mp-171-aficio-mp-171f-aficio-mp-171spf-aficio-mp-2/
BOJE HP 901 CC656AE COLOR,4500,5200,4500,L,,true,https://eurooffice.al/wp-content/uploads/2020/05/901C.jpg,BOJE HP 901 CC656AE COLOR,https://eurooffice.al/product/boje-hp-901-cc656ae-color/
BOJE HP 901XL CC654AE BLACK,5000,5800,5000,L,,true,https://eurooffice.al/wp-content/uploads/2020/05/XL.jpg,BOJE HP 901XL CC654AE BLACK,https://eurooffice.al/product/boje-hp-901xl-cc654ae-black/
BOJE HP 933XL  CIAN CN054AE,4000,5000,4000,L,,true,https://eurooffice.al/wp-content/uploads/2020/05/933-c.jpg,BOJE HP 933XL CIAN CN054AE,https://eurooffice.al/product/boje-hp-933xl-cian-cn054ae/
BOJE HP 933XL  MAGENTA CN055AE,4000,4500,4000,L,,true,https://eurooffice.al/wp-content/uploads/2020/05/933-M.jpg,BOJE HP 933XL MAGENTA CN055AE,https://eurooffice.al/product/boje-hp-933xl-magenta-cn055ae/
BOJE HP 933XL  YELLOW CN056AE,4000,5000,4000,L,,true,https://eurooffice.al/wp-content/uploads/2020/05/933y.jpg,BOJE HP 933XL YELLOW CN056AE,https://eurooffice.al/product/boje-hp-933xl-yellow-cn056ae/
BOJE HP 950XL CN045AE BLACK,6800,7600,6800,L,,true,https://eurooffice.al/wp-content/uploads/2020/05/950xl.jpg,BOJE HP 950XL CN045AE BLACK,https://eurooffice.al/product/boje-hp-950xl-cn045ae-black/
Toner HP Laser Jet  W1106A (106A),8000,8600,8000,L,,true,https://eurooffice.al/wp-content/uploads/2020/05/s-l1600-1.jpg,Prodhuesi:HP Modeli: Toner HP Laser Jet W1106A (106A),https://eurooffice.al/product/toner-hp-laser-jet-w1106a-106a/
BOJE HP 951XL CN046AE CIAN,5600,6200,5600,L,,true,https://eurooffice.al/wp-content/uploads/2020/05/951-xl.jpg,BOJE HP 951XL CN046AE CIAN,https://eurooffice.al/product/boje-hp-951xl-cn046ae-cian/
"Toner  kompatibel  MINOLTA  TN-114   BIZHUB 162, BIZHUB 163, BIZHUB 210, BIZHUB 211, DI 152, DI 1611, DI 183, DI 2011",3000,3500,3000,L,,true,https://eurooffice.al/wp-content/uploads/2020/06/114-C.jpg,"Toner kompatibel MINOLTA TN-114 BIZHUB 162, BIZHUB 163, BIZHUB 210, BIZHUB 211, DI 152, DI 1611, DI 183, DI 2011",https://eurooffice.al/product/toner-kompatibel-minolta-tn-114-bizhub-162-bizhub-163-bizhub-210-bizhub-211-di-152-di-1611-di-183-di-2011/
"Toner  kompatibel  MINOLTA  TN-116   BIZHUB 164, BIZHUB 165, BIZHUB 184, BIZHUB 185, BIZHUB 195, BIZHUB 215, BIZHUB 235",3500,4000,3500,L,,true,https://eurooffice.al/wp-content/uploads/2020/06/toner-minolta-tn116.jpg,"Toner kompatibel MINOLTA TN-116 BIZHUB 164, BIZHUB 165, BIZHUB 184, BIZHUB 185, BIZHUB 195, BIZHUB 215, BIZHUB 235",https://eurooffice.al/product/toner-kompatibel-minolta-tn-116-bizhub-164-bizhub-165-bizhub-184-bizhub-185-bizhub-195-bizhub-215-bizhub-235/
BOJE HP 951XL CN047AE MAGENTA,5600,6200,5600,L,,true,https://eurooffice.al/wp-content/uploads/2020/05/951XL-M.jpg,BOJE HP 951XL CN047AE MAGENTA,https://eurooffice.al/product/boje-hp-951xl-cn047ae-magenta/
"Toner  kompatibel  MINOLTA  TN-217   BIZHUB 223, BIZHUB 283",4000,4500,4000,L,,true,https://eurooffice.al/wp-content/uploads/2020/06/tn-118.jpg,"Toner kompatibel MINOLTA TN-217 BIZHUB 223, BIZHUB 283",https://eurooffice.al/product/toner-kompatibel-minolta-tn-217-bizhub-223-bizhub-283/
"Toner  kompatibel  MINOLTA  TN-118   BIZHUB 164, BIZHUB 165, BIZHUB 184, BIZHUB 185, BIZHUB 195, BIZHUB 215, BIZHUB 235",4000,4500,4000,L,,true,https://eurooffice.al/wp-content/uploads/2020/06/tn-118.jpg,"Toner kompatibel MINOLTA TN-118 BIZHUB 164, BIZHUB 165, BIZHUB 184, BIZHUB 185, BIZHUB 195, BIZHUB 215, BIZHUB 235",https://eurooffice.al/product/toner-kompatibel-minolta-tn-118-bizhub-164-bizhub-165-bizhub-184-bizhub-185-bizhub-195-bizhub-215-bizhub-235/
BOJE HP 951XL CN048AE YELLOW,6000,6700,6000,L,,true,https://eurooffice.al/wp-content/uploads/2020/05/951-XL-Y.jpg,BOJE HP 951XL CN048AE YELLOW,https://eurooffice.al/product/boje-hp-951xl-cn048ae-yellow/
BOJE HP 953XL  CIAN F6U16AE,6000,6800,6000,L,,true,https://eurooffice.al/wp-content/uploads/2020/05/953-C.jpeg,BOJE HP 953XL CIAN F6U16AE,https://eurooffice.al/product/boje-hp-953xl-cian-f6u16ae/
"Toner  MINOLTA  TN-114   BIZHUB 162, BIZHUB 163, BIZHUB 210, BIZHUB 211, DI 152, DI 1611, DI 183, DI 2011",5000,6000,5000,L,,true,https://eurooffice.al/wp-content/uploads/2020/06/114-O.jpg,"Toner MINOLTA TN-114 BIZHUB 162, BIZHUB 163, BIZHUB 210, BIZHUB 211, DI 152, DI 1611, DI 183, DI 2011",https://eurooffice.al/product/toner-minolta-tn-114-bizhub-162-bizhub-163-bizhub-210-bizhub-211-di-152-di-1611-di-183-di-2011/
BOJE HP 953XL  MAGENTA F6U17AE,6000,6800,6000,L,,true,https://eurooffice.al/wp-content/uploads/2020/05/953-M.jpg,BOJE HP 953XL MAGENTA F6U17AE,https://eurooffice.al/product/boje-hp-953xl-magenta-f6u17ae/
"Toner  RICOH  Type 2220D  AFICIO 1022, AFICIO 1027, AFICIO 1032, AFICIO 2022, AFICIO 2027, AFICIO 2032, AFICIO 3025, AFICIO 3030, AFICIO MP 2352, AFICIO MP 2510, AFICIO MP 2550, AFICIO MP 2851, AFICIO MP 2852, AFICIO MP 3010, AFICIO MP 3350, AFICIO MP 3351, AFICIO MP 3352, MP 2553, MP 3353",4500,5000,4500,L,,true,https://eurooffice.al/wp-content/uploads/2020/06/2220-R.jpg,"Toner RICOH Type 2220D AFICIO 1022, AFICIO 1027, AFICIO 1032, AFICIO 2022, AFICIO 2027, AFICIO 2032, AFICIO 3025, AFICIO 3030, AFICIO MP 2352, AFICIO MP 2510, AFICIO MP 2550, AFICIO MP 2851, AFICIO MP 2852, AFICIO MP 3010, AFICIO MP 3350, AFICIO MP 3351, AFICIO MP 3352, MP 2553, MP 3353",https://eurooffice.al/product/toner-ricoh-type-2220d-aficio-1022-aficio-1027-aficio-1032-aficio-2022-aficio-2027-aficio-2032-aficio-3025-aficio-3030-aficio-mp-2352-aficio-mp-2510-aficio-mp-2550-aficio-mp-2851-aficio/
BOJE HP 953XL  YELLOW  F6U18AE,6000,6800,6000,L,,true,https://eurooffice.al/wp-content/uploads/2020/05/953-Y.jpg,BOJE HP 953XL CN048AE YELLOW F6U18AE,https://eurooffice.al/product/boje-hp-953xl-cn048ae-yellow-f6u18ae/
"Toner  RICOH  Type 6210D  AFICIO 1060, AFICIO 1075, AFICIO 2051, AFICIO 2060, AFICIO 2075, AFICIO MP 5500, AFICIO MP 6000, AFICIO MP 6500, AFICIO MP 7000, AFICIO MP 7500, AFICIO MP 8000, MP 9003SP",9000,9500,9000,L,,true,https://eurooffice.al/wp-content/uploads/2020/06/6210.jpg,"Toner RICOH Type 6210D AFICIO 1060, AFICIO 1075, AFICIO 2051, AFICIO 2060, AFICIO 2075, AFICIO MP 5500, AFICIO MP 6000, AFICIO MP 6500, AFICIO MP 7000, AFICIO MP 7500, AFICIO MP 8000, MP 9003SP",https://eurooffice.al/product/toner-ricoh-type-6210d-aficio-1060-aficio-1075-aficio-2051-aficio-2060-aficio-2075-aficio-mp-5500-aficio-mp-6000-aficio-mp-6500-aficio-mp-7000-aficio-mp-7500-aficio-mp-8000-mp-9003sp/
BOJE HP 953XL Black L0S70AE,8500,9000,8500,L,,true,https://eurooffice.al/wp-content/uploads/2024/06/8f963d92ccf6367f9cd7880b1744e501e5c6cb55_466488.jpg,,https://eurooffice.al/product/boje-hp-953xl-yellow-l0s70ae/
"Toner  XEROX WORKCENTRE 5325, WORKCENTRE 5330, 006R01160",14500,16000,14500,L,,true,https://eurooffice.al/wp-content/uploads/2020/05/toner-xerox-5330.jpg,"Prodhuesi: Xerox Modeli:Toner XEROX WORKCENTRE 5325, WORKCENTRE 5330, 006R01160 Toner Xerox per Printera Laser. Ky produkt cilesor ofron saktesi dhe definicion te larte per dokumentat e printuar. Instalohet lehtesisht ne printerin tuaj. Toner i zi qe mund te printoj ne total 3,000 flete. Te gjitha produktet tona jane te nje cilesie te larte dhe me cmimet me konkurruese ne treg. Ne tregohemi te kujdesshem ne perzgjedhjen e partnereve tane per te sjelle prane jush produkte cilesore. Tek ne do te gjeni gjithe gamen e artikujve qe ju nevojitet ne zyra, institucione si dhe artikuj shkollore.",https://eurooffice.al/product/toner-xerox-workcentre-5325-workcentre-5330-006r01160/
Boje HP DJ 650 Black,2500,2800,2500,L,,true,https://eurooffice.al/wp-content/uploads/2018/01/HP.png,"Prodhuesi: HP Modeli: Boje HP DJ 650 Black Toner HP per printera Inkjet me ngjyre te zeze dhe me ngjyra. Ky produkt cilesor ofron saktesi dhe definicion te larte per dokumentat e printuar. Te gjitha produktet tona jane te nje cilesie te larte dhe me cmimet me konkurruese ne treg. Ne tregohemi te kujdesshem ne perzgjedhjen e partnereve tane per te sjelle prane jush produkte cilesore. Tek ne do te gjeni gjithe gamen e artikujve qe ju nevojitet ne zyra, institucione si dhe artikuj shkollore.",https://eurooffice.al/product/hp-650/
"Toner Brother compatibel Brother  TNB023 , B7520DW/HL- B2080DW/MFC B7715DW, (2k.)",2000,3000,2000,L,,true,https://eurooffice.al/wp-content/uploads/2025/04/TNB023.jpg,"Toner Brother TN 3430/3480 Compatibel 8K Drum dhe toner compatible te cilesis se lart , jo te rimbushur . Cdo produkte eshte i certifikuar dhe me stampe sigurie . Kod art : TBTN3480CH",https://eurooffice.al/product/toner-brother-compatibel-brother-tnb023-b7520dw-hl-b2080dw-mfc-b7715dw-2k/
BOJE HP Multipack Originale B/C/M/Y (932XL) (933XL)   C2P42A,12500,13700,12500,L,,true,https://eurooffice.al/wp-content/uploads/2020/05/933-SET.jpg,BOJE HP Multipack Originale B/C/M/Y (932XL) (933XL) C2P42A,https://eurooffice.al/product/boje-hp-multipack-originale-b-c-m-y-932xl-933xl-c2p42a/
Toner Brother compatibel TN2590XL  L2402d/2442dw/DCP L2600d/2622dw/MFC  l2802dn/2862dw (3k.),3000,4000,3000,L,,true,https://eurooffice.al/wp-content/uploads/2025/04/Ricoh-sp-330.jpg,"Toner Brother TN 3430/3480 Compatibel 8K Drum dhe toner compatible te cilesis se lart , jo te rimbushur . Cdo produkte eshte i certifikuar dhe me stampe sigurie . Kod art : TBTN3480CH",https://eurooffice.al/product/toner-brother-compatibel-tn2590xl-l2402d-2442dw-dcp-l2600d-2622dw-mfc-l2802dn-2862dw-3k/
BOJE HP Multipack Originale B/C/M/Y (953XL) 3HZ52AE,19500,20500,19500,L,,true,https://eurooffice.al/wp-content/uploads/2020/05/953-S.jpg,BOJE HP Multipack Originale B/C/M/Y (953XL) 3HZ52AE,https://eurooffice.al/product/boje-hp-multipack-originale-b-c-m-y-953xl-3hz52ae/
BOJE HP Multipack Origjinale B/C/M/Y (950XL+951XL)  C2P43AE,23000,24500,23000,L,,true,https://eurooffice.al/wp-content/uploads/2020/05/951-S.jpg,BOJE HP Multipack Origjinale B/C/M/Y (950XL+951XL) C2P43AE,https://eurooffice.al/product/boje-hp-multipack-origjinale-b-c-m-y-950xl951xl-c2p43ae/
Toner Brother TN 3430/3480  Compatibel 8K,4500,6000,4500,L,,true,https://eurooffice.al/wp-content/uploads/2022/03/brother-dr-3400-dr.jpg,"Toner Brother TN 3430/3480 Compatibel 8K Drum dhe toner compatible te cilesis se lart , jo te rimbushur . Cdo produkte eshte i certifikuar dhe me stampe sigurie . Kod art : TBTN3480CH",https://eurooffice.al/product/toner-brother-tn-3430-3480-compatibel-8k/
"Boje printeri Epson T1281 EPSON:STYLUS OFFICE BX 305F, STYLUS OFFICE BX 305FW, STYLUS OFFICE BX 305FW PLUS, STYLUS S 22, STYLUS SX 125, STYLUS SX 130, STYLUS SX 230, STYLUS SX 235W, STYLUS SX 420W, STYLUS SX 425W, STYLUS SX 430W, STYLUS SX 435W, STYLUS SX 440W, STYLUS SX 445W",2400,3000,2400,L,,true,https://eurooffice.al/wp-content/uploads/2020/05/1281.jpg,"Prodhuesi: Epson Modeli: Boje printeri Epson T1281 EPSON:STYLUS OFFICE BX 305F, STYLUS OFFICE BX 305FW, STYLUS OFFICE BX 305FW PLUS, STYLUS S 22, STYLUS SX 125, STYLUS SX 130, STYLUS SX 230, STYLUS SX 235W, STYLUS SX 420W, STYLUS SX 425W, STYLUS SX 430W, STYLUS SX 435W, STYLUS SX 440W, STYLUS SX 445W Toner Epson per printera Inkjet me ngjyra te ndryshem. Ky produkt cilesor ofron saktesi dhe definicion te larte per dokumentat e printuar. Te gjitha produktet tona jane te nje cilesie te larte dhe me cmimet me konkurruese ne treg. Ne tregohemi te kujdesshem ne perzgjedhjen e partnereve tane per te sjelle prane jush produkte cilesore. Tek ne do te gjeni gjithe gamen e artikujve qe ju nevojitet ne zyra, institucione si dhe artikuj shkollore.",https://eurooffice.al/product/boje-printeri-epson-t1281-epsonstylus-office-bx-305f-stylus-office-bx-305fw-stylus-office-bx-305fw-plus-stylus-s-22-stylus-sx-125-stylus-sx-130-stylus-sx-230-stylus-sx-235w-stylus-sx-420w-st/
Toner Brother TN-2590  HL- L2402d/2442dw/DCP L2600d/2622dw/MFC  l2802dn/2862dw (1.2k.),2500,3500,2500,L,,true,https://eurooffice.al/wp-content/uploads/2025/04/TN-2590.png,"Toner Brother TN 3430/3480 Compatibel 8K Drum dhe toner compatible te cilesis se lart , jo te rimbushur . Cdo produkte eshte i certifikuar dhe me stampe sigurie . Kod art : TBTN3480CH",https://eurooffice.al/product/toner-brother-tn-2590-hl-l2402d-2442dw-dcp-l2600d-2622dw-mfc-l2802dn-2862dw-1-2k/
"Boje printeri Epson T1282 EPSON:STYLUS OFFICE BX 305F, STYLUS OFFICE BX 305FW, STYLUS OFFICE BX 305FW PLUS, STYLUS S 22, STYLUS SX 125, STYLUS SX 130, STYLUS SX 230, STYLUS SX 235W, STYLUS SX 420W, STYLUS SX 425W, STYLUS SX 430W, STYLUS SX 435W, STYLUS SX 440W, STYLUS SX 445W",1800,2400,1800,L,,true,https://eurooffice.al/wp-content/uploads/2020/05/1282.jpg,"Prodhuesi: Epson Modeli: Boje printeri Epson T1282 EPSON:STYLUS OFFICE BX 305F, STYLUS OFFICE BX 305FW, STYLUS OFFICE BX 305FW PLUS, STYLUS S 22, STYLUS SX 125, STYLUS SX 130, STYLUS SX 230, STYLUS SX 235W, STYLUS SX 420W, STYLUS SX 425W, STYLUS SX 430W, STYLUS SX 435W, STYLUS SX 440W, STYLUS SX 445W Toner Epson per printera Inkjet me ngjyra te ndryshem. Ky produkt cilesor ofron saktesi dhe definicion te larte per dokumentat e printuar. Te gjitha produktet tona jane te nje cilesie te larte dhe me cmimet me konkurruese ne treg. Ne tregohemi te kujdesshem ne perzgjedhjen e partnereve tane per te sjelle prane jush produkte cilesore. Tek ne do te gjeni gjithe gamen e artikujve qe ju nevojitet ne zyra, institucione si dhe artikuj shkollore.",https://eurooffice.al/product/boje-printeri-epson-t1282-epsonstylus-office-bx-305f-stylus-office-bx-305fw-stylus-office-bx-305fw-plus-stylus-s-22-stylus-sx-125-stylus-sx-130-stylus-sx-230-stylus-sx-235w-stylus-sx-420w-st/
Toner Brother TN1050 Compatibel 2K,2500,3000,2500,L,,true,https://eurooffice.al/wp-content/uploads/2022/03/61EVe38fKpL._AC_SX679_.jpg,"Toner Brother TN1050 Compatibel Aster 2K Drum dhe toner compatible te cilesis se lart , jo te rimbushur . Cdo produkte eshte i certifikuar dhe me stampe sigurie . Kod art : TBTN1050CH",https://eurooffice.al/product/toner-brother-tn1050-compatibel-2k/
"Boje printeri Epson T1283 EPSON:STYLUS OFFICE BX 305F, STYLUS OFFICE BX 305FW, STYLUS OFFICE BX 305FW PLUS, STYLUS S 22, STYLUS SX 125, STYLUS SX 130, STYLUS SX 230, STYLUS SX 235W, STYLUS SX 420W, STYLUS SX 425W, STYLUS SX 430W, STYLUS SX 435W, STYLUS SX 440W, STYLUS SX 445W",1800,2400,1800,L,,true,https://eurooffice.al/wp-content/uploads/2020/05/1283.jpg,"Prodhuesi: Epson Modeli: Boje printeri Epson T1283 EPSON:STYLUS OFFICE BX 305F, STYLUS OFFICE BX 305FW, STYLUS OFFICE BX 305FW PLUS, STYLUS S 22, STYLUS SX 125, STYLUS SX 130, STYLUS SX 230, STYLUS SX 235W, STYLUS SX 420W, STYLUS SX 425W, STYLUS SX 430W, STYLUS SX 435W, STYLUS SX 440W, STYLUS SX 445W Toner Epson per printera Inkjet me ngjyra te ndryshem. Ky produkt cilesor ofron saktesi dhe definicion te larte per dokumentat e printuar. Te gjitha produktet tona jane te nje cilesie te larte dhe me cmimet me konkurruese ne treg. Ne tregohemi te kujdesshem ne perzgjedhjen e partnereve tane per te sjelle prane jush produkte cilesore. Tek ne do te gjeni gjithe gamen e artikujve qe ju nevojitet ne zyra, institucione si dhe artikuj shkollore.",https://eurooffice.al/product/boje-printeri-epson-t1282-epsonstylus-office-bx-305f-stylus-office-bx-305fw-stylus-office-bx-305fw-plus-stylus-s-22-stylus-sx-125-stylus-sx-130-stylus-sx-230-stylus-sx-235w-stylus-sx-420w-st-2/
Toner Brother TN1090 Black Compatibel 1.5K,2500,4000,2500,L,,true,https://eurooffice.al/wp-content/uploads/2022/03/TONER-BROTHER-TN1090-ZAMIENNIK-1-5K-BLACK.jpg,"Toner Brother TN1090 Black Compatibel 1.5K Drum dhe toner compatible te cilesis se lart , jo te rimbushur . Cdo produkte eshte i certifikuar dhe me stampe sigurie . Kod art : TBTN1090CH",https://eurooffice.al/product/toner-brother-tn1090-black-compatibel-1-5k/
"Boje printeri Epson T1284 EPSON:STYLUS OFFICE BX 305F, STYLUS OFFICE BX 305FW, STYLUS OFFICE BX 305FW PLUS, STYLUS S 22, STYLUS SX 125, STYLUS SX 130, STYLUS SX 230, STYLUS SX 235W, STYLUS SX 420W, STYLUS SX 425W, STYLUS SX 430W, STYLUS SX 435W, STYLUS SX 440W, STYLUS SX 445W",1800,2400,1800,L,,true,https://eurooffice.al/wp-content/uploads/2020/05/1284.jpg,"Prodhuesi: Epson Modeli: Boje printeri Epson T1284 EPSON:STYLUS OFFICE BX 305F, STYLUS OFFICE BX 305FW, STYLUS OFFICE BX 305FW PLUS, STYLUS S 22, STYLUS SX 125, STYLUS SX 130, STYLUS SX 230, STYLUS SX 235W, STYLUS SX 420W, STYLUS SX 425W, STYLUS SX 430W, STYLUS SX 435W, STYLUS SX 440W, STYLUS SX 445W Toner Epson per printera Inkjet me ngjyra te ndryshem. Ky produkt cilesor ofron saktesi dhe definicion te larte per dokumentat e printuar. Te gjitha produktet tona jane te nje cilesie te larte dhe me cmimet me konkurruese ne treg. Ne tregohemi te kujdesshem ne perzgjedhjen e partnereve tane per te sjelle prane jush produkte cilesore. Tek ne do te gjeni gjithe gamen e artikujve qe ju nevojitet ne zyra, institucione si dhe artikuj shkollore.",https://eurooffice.al/product/boje-printeri-epson-t1284-epsonstylus-office-bx-305f-stylus-office-bx-305fw-stylus-office-bx-305fw-plus-stylus-s-22-stylus-sx-125-stylus-sx-130-stylus-sx-230-stylus-sx-235w-stylus-sx-420w-st/
Brother 74 RF,1800,2200,1800,L,,true,https://eurooffice.al/wp-content/uploads/2018/01/BROTHER.jpg,"Prodhuesi: Brother Modeli: PC74RF Toner Brother per printera Inkjet. Toner me boje te zeze qe mund te printoj ne total 140 flete. Ky produkt cilesor ofron saktesi dhe definicion te larte per dokumentat e printuar. Te gjitha produktet tona jane te nje cilesie te larte dhe me cmimet me konkurruese ne treg. Ne tregohemi te kujdesshem ne perzgjedhjen e partnereve tane per te sjelle prane jush produkte cilesore. Tek ne do te gjeni gjithe gamen e artikujve qe ju nevojitet ne zyra, institucione si dhe artikuj shkollore.",https://eurooffice.al/product/brother/
"Toner kompatibel HP LJ Q2612A  (12A)  HP:LASERJET 1010, LASERJET 1012, LASERJET 1015, LASERJET 1018, LASERJET 1020, LASERJET 1022",2500,3500,2500,L,,true,https://eurooffice.al/wp-content/uploads/2020/05/aster-h2612ui_2.jpg,Toner kompatibel HP LJ Q2612A (12A),https://eurooffice.al/product/toner-kompatibel-hp-lj-q2612a-12a/
"Cilinder (Drum) HP LJ CF219A HP:LASERJET PRO M102, LASERJET PRO M102A, LASERJET PRO M102W, LASERJET PRO MFP M130, LASERJET PRO MFP M130A, LASERJET PRO MFP M130FN, LASERJET PRO MFP M130FW, LASERJET PRO MFP M130NW",11500,13000,11500,L,,true,https://eurooffice.al/wp-content/uploads/2020/05/219a.jpg,"Cilinder (Drum) HP LJ CF219A HP:LASERJET PRO M102, LASERJET PRO M102A, LASERJET PRO M102W, LASERJET PRO MFP M130, LASERJET PRO MFP M130A, LASERJET PRO MFP M130FN, LASERJET PRO MFP M130FW, LASERJET PRO MFP M130NW",https://eurooffice.al/product/cilinder-drum-hp-lj-cf219a-hplaserjet-pro-m102-laserjet-pro-m102a-laserjet-pro-m102w-laserjet-pro-mfp-m130-laserjet-pro-mfp-m130a-laserjet-pro-mfp-m130fn-laserjet-pro-mfp-m130fw-laserjet-pro/
"Toner kompatibel KIOCERA-MITA TK-1110 :FS-1020MFP, FS-1040",2500,3500,2500,L,,true,https://eurooffice.al/wp-content/uploads/2020/06/TK-1110.jpg,"Toner kompatibel KIOCERA-MITA TK-1110 :FS-1020MFP, FS-1040",https://eurooffice.al/product/toner-kompatibel-kiocera-mita-tk-110-fs-1016-fs-1116mfp-fs-720-fs-820-fs-920/
"Cilinder (Drum) XEROX WORKCENTRE 5225, WORKCENTRE 5230, 101R00435",27000,30000,27000,L,,true,https://eurooffice.al/wp-content/uploads/2020/05/101r00435-Dr-Xer-5230.jpg,"Prodhuesi: Xerox Modeli:Cilinder (Drum) XEROX WORKCENTRE 5225, WORKCENTRE 5230, 101R00435 Toner Xerox per Printera Laser. Ky produkt cilesor ofron saktesi dhe definicion te larte per dokumentat e printuar. Instalohet lehtesisht ne printerin tuaj. Toner i zi qe mund te printoj ne total 3,000 flete. Te gjitha produktet tona jane te nje cilesie te larte dhe me cmimet me konkurruese ne treg. Ne tregohemi te kujdesshem ne perzgjedhjen e partnereve tane per te sjelle prane jush produkte cilesore. Tek ne do te gjeni gjithe gamen e artikujve qe ju nevojitet ne zyra, institucione si dhe artikuj shkollore.",https://eurooffice.al/product/cilinder-drum-xerox-workcentre-5225-workcentre-5230-101r00435/
"Toner kompatibel KIOCERA-MITA TK-1120 :FS-1025MFP, FS-1060DN, FS-1125MFP",4000,5000,4000,L,,true,https://eurooffice.al/wp-content/uploads/2020/06/tk-1120-toner.jpg,"Toner kompatibel KIOCERA-MITA TK-1120 :FS-1025MFP, FS-1060DN, FS-1125MFP",https://eurooffice.al/product/toner-kompatibel-kiocera-mita-tk-1120-fs-1025mfp-fs-1060dn-fs-1125mfp/
"Cilinder (Drum) XEROX WORKCENTRE 5325, WORKCENTRE 5330, WORKCENTRE 5335 013R00591",27000,30000,27000,L,,true,https://eurooffice.al/wp-content/uploads/2020/05/013r00591_5330.jpg,"Prodhuesi: Xerox Modeli:Cilinder (Drum) XEROX WORKCENTRE 5325, WORKCENTRE 5330, WORKCENTRE 5335 013R00591 Toner Xerox per Printera Laser. Ky produkt cilesor ofron saktesi dhe definicion te larte per dokumentat e printuar. Instalohet lehtesisht ne printerin tuaj. Toner i zi qe mund te printoj ne total 3,000 flete. Te gjitha produktet tona jane te nje cilesie te larte dhe me cmimet me konkurruese ne treg. Ne tregohemi te kujdesshem ne perzgjedhjen e partnereve tane per te sjelle prane jush produkte cilesore. Tek ne do te gjeni gjithe gamen e artikujve qe ju nevojitet ne zyra, institucione si dhe artikuj shkollore.",https://eurooffice.al/product/cilinder-drum-xerox-workcentre-5325-workcentre-5330-workcentre-5335-013r00591/
"Toner kompatibel KIOCERA-MITA TK-1130  ECOSYS M2030DN, ECOSYS M2530DN, FS-1030MFP, FS-1130MFP",2500,3500,2500,L,,true,https://eurooffice.al/wp-content/uploads/2020/06/Kyocera-TK-1130.jpg,"Toner kompatibel KIOCERA-MITA TK-1130 ECOSYS M2030DN, ECOSYS M2530DN, FS-1030MFP, FS-1130MFP",https://eurooffice.al/product/toner-kompatibel-kiocera-mita-tk-1130-ecosys-m2030dn-ecosys-m2530dn-fs-1030mfp-fs-1130mfp/
Developer konica minolta bizhup 164 (TN116),3000,4200,3000,L,,true,https://eurooffice.al/wp-content/uploads/2022/05/konica-bizhup.png,Developer konica minolta bizhup 164 (TN116),https://eurooffice.al/product/developer-konica-minolta-bizhup-164-tn116/
"Toner kompatibel KIOCERA-MITA TK-1160 ECOSYS P2040DN, ECOSYS P2040DW",3500,4500,3500,L,,true,https://eurooffice.al/wp-content/uploads/2020/06/Toner-TK-1160-.jpg,"Toner kompatibel KIOCERA-MITA TK-1160 ECOSYS P2040DN, ECOSYS P2040DW",https://eurooffice.al/product/toner-kompatibel-kiocera-mita-tk-1160-ecosys-p2040dn-ecosys-p2040dw/
Developer Sharp Kit152 AR5415 (168T),2500,3200,2500,L,,true,https://eurooffice.al/wp-content/uploads/2022/05/sharp.jpg,Developer Sharp Kit152 AR5415 (168T) 25K kopje,https://eurooffice.al/product/developer-sharp-kit152-ar5415-168t/
"Toner kompatibel KIOCERA-MITA TK-1170 ECOSYS M2040DN, ECOSYS M2540DN, ECOSYS M2640IDW",3000,4000,3000,L,,true,https://eurooffice.al/wp-content/uploads/2020/06/TK-1170.jpg,"Toner kompatibel KIOCERA-MITA TK-1170 ECOSYS M2040DN, ECOSYS M2540DN, ECOSYS M2640IDW",https://eurooffice.al/product/toner-kompatibel-kiocera-mita-tk-1170-ecosys-m2040dn-ecosys-m2540dn-ecosys-m2640idw/
"Drum  Brother  DR-2401 DCP L2512D, DCP L2532DW, OCP L2552DN, MFC L2712DN, MFC L2712DW, MFC L2732DW (12k.)",2500,4000,2500,L,,true,https://eurooffice.al/wp-content/uploads/2025/04/2401-drum.jpg,"Toner Brother TN 3430/3480 Compatibel 8K Drum dhe toner compatible te cilesis se lart , jo te rimbushur . Cdo produkte eshte i certifikuar dhe me stampe sigurie . Kod art : TBTN3480CH",https://eurooffice.al/product/drum-brother-dr-2401-dcp-l2512d-dcp-l2532dw-ocp-l2552dn-mfc-l2712dn-mfc-l2712dw-mfc-l2732dw-12k/
Toner kompatibel KIOCERA-MITA TK-120 :FS-1030,4000,5000,4000,L,,true,https://eurooffice.al/wp-content/uploads/2020/06/C-TK-120.jpg,Toner kompatibel KIOCERA-MITA TK-120 :FS-1030,https://eurooffice.al/product/toner-kompatibel-kiocera-mita-tk-120-fs-1030/
Drum Brother HL5000D DR3400 compatibel,4000,5000,4000,L,,true,https://eurooffice.al/wp-content/uploads/2022/03/brother-dr-3400-dr.jpg,"Drum Brother Compatible HL5000D , DR3400 Drum dhe toner compatible te cilesis se lart , jo te rimbushur . Cdo produkte eshte i certifikuar dhe me stampe sigurie . Kod artikulli : DRB3400CH",https://eurooffice.al/product/drum-brother-hl5000d-dr3400-compatibel/
"Drum HP LaserJet M102 , 19A , CF219A compatibel  12k",4000,5500,4000,L,,true,https://eurooffice.al/wp-content/uploads/2022/03/61De07rNwoL._AC_SL1158_.jpg,"Drum HP LaserJet M102 19A CF219A compatibel 12k Drum dhe toner compatible te cilesis se lart , jo te rimbushur . Cdo produkte eshte i certifikuar dhe me stampe sigurie . Kod art : DRHPLJCF219ACH",https://eurooffice.al/product/drum-hp-laserjet-m102-19a-cf219a-compatibel-12k/
Epson LX 300,1100,1500,1100,L,,true,https://eurooffice.al/wp-content/uploads/2018/01/epson-1.jpg,"Prodhuesi: Epson Modeli: LX300 Toner Panasonic per printera Inkjet. Ky produkt cilesor ofron saktesi dhe definicion te larte per dokumentat e printuar. Te gjitha produktet tona jane te nje cilesie te larte dhe me cmimet me konkurruese ne treg. Ne tregohemi te kujdesshem ne perzgjedhjen e partnereve tane per te sjelle prane jush produkte cilesore. Tek ne do te gjeni gjithe gamen e artikujve qe ju nevojitet ne zyra, institucione si dhe artikuj shkollore.",https://eurooffice.al/product/epson-lx-300/
Drum Lexmark MS/Mx 310,7500,8000,7500,L,,true,https://eurooffice.al/wp-content/uploads/2018/09/dr.jpg,"Prodhuesi: Lexmark Modeli: Drum Lexmark MS/Mx 310 Toner Lexmark per Printera Laser. Ky produkt cilesor ofron saktesi dhe definicion te larte per dokumentat e printuar. Instalohet lehtesisht ne printerin tuaj. Toner qe mund te printoj ne total 60,000 flete. Te gjitha produktet tona jane te nje cilesie te larte dhe me cmimet me konkurruese ne treg. Ne tregohemi te kujdesshem ne perzgjedhjen e partnereve tane per te sjelle prane jush produkte cilesore. Tek ne do te gjeni gjithe gamen e artikujve qe ju nevojitet ne zyra, institucione si dhe artikuj shkollore.",https://eurooffice.al/product/drum-lexmark-ms-mx-310/
"Epson T0711, T0712, T0713, T0714  STYLUS D 78, STYLUS D 92, STYLUS D120, STYLUS DX 4000, STYLUS DX 4050, STYLUS DX 4400, STYLUS DX 4450, STYLUS DX 5000, STYLUS DX 5050, STYLUS DX 6000, STYLUS DX 6050, STYLUS DX 7000F, STYLUS DX 7400, STYLUS DX 7450, STYLUS DX 8400, STYLUS DX 8450, STYLUS DX 9200, STYLUS DX 9400F, STYLUS OFFICE B 1100, STYLUS OFFICE B 40W, STYLUS OFFICE BX 300F, STYLUS OFFICE BX 310, STYLUS OFFICE BX 310FN, STYLUS OFFICE BX 600F, STYLUS OFFICE BX 600FW, STYLUS OFFICE BX 610, STYLUS OFFICE BX 610FW, STYLUS S 20, STYLUS S 21, STYLUS SX 100, STYLUS SX 105, STYLUS SX 110, STYLUS SX 115, STYLUS SX 200, STYLUS SX 205, STYLUS SX 210, STYLUS SX 215, STYLUS SX 218, STYLUS SX 400, STYLUS SX 400 WIFI, STYLUS SX 405, STYLUS SX 405 WIFI, STYLUS SX 410, STYLUS SX 415, STYLUS SX 510W, STYLUS SX 515W, STYLUS SX 600FW, STYLUS SX 610FW",1700,2200,1700,L,,true,https://eurooffice.al/wp-content/uploads/2018/01/epson.jpg,"Prodhuesi: Epson Modeli: T071CMY Toner Epson per printera Inkjet me ngjyra te ndryshem. Ky produkt cilesor ofron saktesi dhe definicion te larte per dokumentat e printuar. Te gjitha produktet tona jane te nje cilesie te larte dhe me cmimet me konkurruese ne treg. Ne tregohemi te kujdesshem ne perzgjedhjen e partnereve tane per te sjelle prane jush produkte cilesore. Tek ne do te gjeni gjithe gamen e artikujve qe ju nevojitet ne zyra, institucione si dhe artikuj shkollore.",https://eurooffice.al/product/epson-t0711-t0712-t0713-t0714/
Toner Canon 703 LBP 2900   (703) (7616A005),8300,9400,8300,L,,true,https://eurooffice.al/wp-content/uploads/2018/09/703.jpg,"Prodhuesi: Canon Modeli: Toner Canon 703 LBP 2900 Toner Canon per Printera Laser. Ky produkt cilesor ofron saktesi dhe definicion te larte per dokumentat e printuar. Instalohet lehtesisht ne printerin tuaj. Toner i zi qe mund te printoj ne total 2,000 flete. Te gjitha produktet tona jane te nje cilesie te larte dhe me cmimet me konkurruese ne treg. Ne tregohemi te kujdesshem ne perzgjedhjen e partnereve tane per te sjelle prane jush produkte cilesore. Tek ne do te gjeni gjithe gamen e artikujve qe ju nevojitet ne zyra, institucione si dhe artikuj shkollore.",https://eurooffice.al/product/toner-canon-703-lbp-2900/
OKI 460,9800,10800,9800,L,,true,https://eurooffice.al/wp-content/uploads/2018/01/oki.jpg,"Prodhuesi: Oki Kodi Produktit: 43979103 Toner Oki per Printera Laser. Ky produkt cilesor ofron saktesi dhe definicion te larte per dokumentat e printuar. Instalohet lehtesisht ne printerin tuaj. Toner qe mund te printoj ne total 3,500 flete. Te gjitha produktet tona jane te nje cilesie te larte dhe me cmimet me konkurruese ne treg. Ne tregohemi te kujdesshem ne perzgjedhjen e partnereve tane per te sjelle prane jush produkte cilesore. Tek ne do te gjeni gjithe gamen e artikujve qe ju nevojitet ne zyra, institucione si dhe artikuj shkollore.",https://eurooffice.al/product/oki-460/
Toner Canon 719   (3480B002) (3480B012) (719H),15600,17500,15600,L,,true,https://eurooffice.al/wp-content/uploads/2018/09/719.jpg,"Modeli: Toner Canon 719 Toner Canon per Printera Laser. Ky produkt cilesor ofron saktesi dhe definicion te larte per dokumentat e printuar. Instalohet lehtesisht ne printerin tuaj. Toner i zi qe mund te printoj ne total 2,000 flete. Te gjitha produktet tona jane te nje cilesie te larte dhe me cmimet me konkurruese ne treg. Ne tregohemi te kujdesshem ne perzgjedhjen e partnereve tane per te sjelle prane jush produkte cilesore. Tek ne do te gjeni gjithe gamen e artikujve qe ju nevojitet ne zyra, institucione si dhe artikuj shkollore.",https://eurooffice.al/product/toner-canon-719/
"Toner Canon IR 1018, IR 1022 C-EXV18  (0386B002)",6500,7500,6500,L,,true,https://eurooffice.al/wp-content/uploads/2020/05/cexv18xbg.jpg,"Prodhuesi: Canon Modeli: Toner Canon IR 1018, IR 1022 C-EXV18 (0386B002) Toner Canon per Printera Laser. Ky produkt cilesor ofron saktesi dhe definicion te larte per dokumentat e printuar. Instalohet lehtesisht ne printerin tuaj. Toner i zi qe mund te printoj ne total 2,000 flete. Te gjitha produktet tona jane te nje cilesie te larte dhe me cmimet me konkurruese ne treg. Ne tregohemi te kujdesshem ne perzgjedhjen e partnereve tane per te sjelle prane jush produkte cilesore. Tek ne do te gjeni gjithe gamen e artikujve qe ju nevojitet ne zyra, institucione si dhe artikuj shkollore.",https://eurooffice.al/product/toner-canon-ir-1018-ir-1022-c-exv18-0386b002/
Toner Canon 712   1870B002) (712),0,0,,L,,true,https://eurooffice.al/wp-content/uploads/2018/09/712.jpg,"Prodhuesi: Canon Modeli: Toner Canon 712 Toner Canon per Printera Laser. Ky produkt cilesor ofron saktesi dhe definicion te larte per dokumentat e printuar. Instalohet lehtesisht ne printerin tuaj. Toner i zi qe mund te printoj ne total 2,000 flete. Te gjitha produktet tona jane te nje cilesie te larte dhe me cmimet me konkurruese ne treg. Ne tregohemi te kujdesshem ne perzgjedhjen e partnereve tane per te sjelle prane jush produkte cilesore. Tek ne do te gjeni gjithe gamen e artikujve qe ju nevojitet ne zyra, institucione si dhe artikuj shkollore.",https://eurooffice.al/product/toner-canon-712/
Toner fotokopje Minolta  TN-116,5500,6000,5500,L,,true,https://eurooffice.al/wp-content/uploads/2018/01/TN-116.jpg,"Prodhuesi: Minolta Modeli: Toner fotokopje Minolta TN-116 Toner Minolta per Printera Laser. Ky produkt cilesor ofron saktesi dhe definicion te larte per dokumentat e printuar. Instalohet lehtesisht ne printerin tuaj. Te gjitha produktet tona jane te nje cilesie te larte dhe me cmimet me konkurruese ne treg. Ne tregohemi te kujdesshem ne perzgjedhjen e partnereve tane per te sjelle prane jush produkte cilesore. Tek ne do te gjeni gjithe gamen e artikujve qe ju nevojitet ne zyra, institucione si dhe artikuj shkollore.",https://eurooffice.al/product/minolta-116/
Toner fotokopje Minolta TN-118,6000,7000,6000,L,,true,https://eurooffice.al/wp-content/uploads/2020/05/tn118.jpeg,"Prodhuesi: Minolta Modeli: Toner fotokopje Minolta TN-118 Toner Minolta per Printera Laser. Ky produkt cilesor ofron saktesi dhe definicion te larte per dokumentat e printuar. Instalohet lehtesisht ne printerin tuaj. Te gjitha produktet tona jane te nje cilesie te larte dhe me cmimet me konkurruese ne treg. Ne tregohemi te kujdesshem ne perzgjedhjen e partnereve tane per te sjelle prane jush produkte cilesore. Tek ne do te gjeni gjithe gamen e artikujve qe ju nevojitet ne zyra, institucione si dhe artikuj shkollore.",https://eurooffice.al/product/toner-fotokopje-minolta-tn-118/
BOJE HP 78D C6578D COLOR,12500,14000,12500,L,,true,https://eurooffice.al/wp-content/uploads/2020/05/78.jpg,BOJE HP 78D C6578D COLOR,https://eurooffice.al/product/boje-hp-78d-c6578d-color/
"Toner HP Laser Jet W1360A, black HP 136a  M208 ,M236",8000,9500,8000,L,,true,https://eurooffice.al/wp-content/uploads/2025/05/w1360a-toner-33196103794852.jpg,Prodhuesi: HP Kodi Produktit:Toner HP LJ Q6001A Cian,https://eurooffice.al/product/toner-hp-laser-jet-w1360a-black-hp-136a-m208-m236/
"Toner HP Laser Jet W1500A, MFP M141a,M111a Printer",8500,9500,8500,L,,true,https://eurooffice.al/wp-content/uploads/2025/05/W1500A.jpg,Prodhuesi: HP Kodi Produktit:Toner HP LJ Q6001A Cian,https://eurooffice.al/product/toner-hp-laser-jet-w1500a-mfp-m141am111a-printer/
"Toner HP Laser Jet W2210A, HP 207A Black Original",10500,11500,10500,L,,true,https://eurooffice.al/wp-content/uploads/2024/10/207A..jpg,Prodhuesi: HP Kodi Produktit:Toner HP LJ Q6001A Cian,https://eurooffice.al/product/toner-hp-laser-jet-w2210a-hp-207a-black-original/
Toner HP LJ  Black CF350A  130A,10400,12000,10400,L,,true,https://eurooffice.al/wp-content/uploads/2018/05/HPCF350A.jpg,Prodhuesi: HP Kodi Produktit:Toner HP LJ Black CF350A 130A,https://eurooffice.al/product/toner-hp-lj-magenta-cf35a-130a-2/
Toner HP LJ  Black CF380A  312A,15000,16500,15000,L,,true,https://eurooffice.al/wp-content/uploads/2018/05/1413904867_1086422.jpg,Prodhuesi: HP Kodi Produktit:Toner HP LJ Black CF380A 312A,https://eurooffice.al/product/toner-hp-lj-black-cf380a-312a/
Toner HP LJ  CE505A,12500,13800,12500,L,,true,https://eurooffice.al/wp-content/uploads/2018/05/05-A.jpeg,Prodhuesi: HP Kodi Produktit: Toner HP LJ CE505A,https://eurooffice.al/product/toner-hp-lj-ce505a/
Toner HP LJ  CF217A,11500,13000,11500,L,,true,https://eurooffice.al/wp-content/uploads/2018/05/CF217A-3-PACK.png,"Prodhuesi: HP Kodi Produktit:Toner HP LJ CF217A Toner HP per Printera Laser me ngjyre te zeze. Toner HP No. 83A eshte perfekt per printerin tuaj. Ky produkt cilesor ofron saktesi dhe definicion te larte per dokumentat e printuar. Instalohet lehtesisht ne printerin tuaj. Mund te printohen ne total rreth 1,500 faqe. Te gjitha produktet tona jane te nje cilesie te larte dhe me cmimet me konkurruese ne treg. Ne tregohemi te kujdesshem ne perzgjedhjen e partnereve tane per te sjelle prane jush produkte cilesore. Tek ne do te gjeni gjithe gamen e artikujve qe ju nevojitet ne zyra, institucione si dhe artikuj shkollore.",https://eurooffice.al/product/toner-hp-lj-cf217a/
"Toner kompatibel RICOH  Type 2220D  AFICIO 1022, AFICIO 1027, AFICIO 1032, AFICIO 2022, AFICIO 2027, AFICIO 2032, AFICIO 3025, AFICIO 3030, AFICIO MP 2352, AFICIO MP 2510, AFICIO MP 2550, AFICIO MP 2851, AFICIO MP 2852, AFICIO MP 3010, AFICIO MP 3350, AFICIO MP 3351, AFICIO MP 3352, MP 2553, MP 3353",2200,3000,2200,L,,true,https://eurooffice.al/wp-content/uploads/2020/06/2220-C-R.jpg,"Toner kompatibel RICOH Type 2220D AFICIO 1022, AFICIO 1027, AFICIO 1032, AFICIO 2022, AFICIO 2027, AFICIO 2032, AFICIO 3025, AFICIO 3030, AFICIO MP 2352, AFICIO MP 2510, AFICIO MP 2550, AFICIO MP 2851, AFICIO MP 2852, AFICIO MP 3010, AFICIO MP 3350, AFICIO MP 3351, AFICIO MP 3352, MP 2553, MP 3353",https://eurooffice.al/product/toner-kompatibel-ricoh-type-2220d-aficio-1022-aficio-1027-aficio-1032-aficio-2022-aficio-2027-aficio-2032-aficio-3025-aficio-3030-aficio-mp-2352-aficio-mp-2510-aficio-mp-2550-aficio-mp-28/
Toner HP LJ  CF280A,16500,17000,16500,L,,true,https://eurooffice.al/wp-content/uploads/2018/05/HP-80A.jpeg,Prodhuesi: HP Kodi Produktit: Toner HP LJ CF280A,https://eurooffice.al/product/toner-hp-lj-cf280a/
"Toner kompatibel RICOH  Type 6210D  AFICIO 1060, AFICIO 1075, AFICIO 2051, AFICIO 2060, AFICIO 2075, AFICIO MP 5500, AFICIO MP 6000, AFICIO MP 6500, AFICIO MP 7000, AFICIO MP 7500, AFICIO MP 8000, MP 9003SP",4000,5500,4000,L,,true,https://eurooffice.al/wp-content/uploads/2020/06/6210.jpg,"Toner kompatibel RICOH Type 6210D AFICIO 1060, AFICIO 1075, AFICIO 2051, AFICIO 2060, AFICIO 2075, AFICIO MP 5500, AFICIO MP 6000, AFICIO MP 6500, AFICIO MP 7000, AFICIO MP 7500, AFICIO MP 8000, MP 9003SP",https://eurooffice.al/product/toner-kompatibel-ricoh-type-6210d-aficio-1060-aficio-1075-aficio-2051-aficio-2060-aficio-2075-aficio-mp-5500-aficio-mp-6000-aficio-mp-6500-aficio-mp-7000-aficio-mp-7500-aficio-mp-8000-mp/
Toner HP LJ  CF285A,11000,12500,11000,L,,true,https://eurooffice.al/wp-content/uploads/2018/05/ce285a_2.jpg,"Prodhuesi: HP Kodi Produktit: CF285A Toner HP per Printera Laser me ngjyre te zeze. Toner HP No. 83A eshte perfekt per printerin tuaj. Ky produkt cilesor ofron saktesi dhe definicion te larte per dokumentat e printuar. Instalohet lehtesisht ne printerin tuaj. Mund te printohen ne total rreth 1,500 faqe. Te gjitha produktet tona jane te nje cilesie te larte dhe me cmimet me konkurruese ne treg. Ne tregohemi te kujdesshem ne perzgjedhjen e partnereve tane per te sjelle prane jush produkte cilesore. Tek ne do te gjeni gjithe gamen e artikujve qe ju nevojitet ne zyra, institucione si dhe artikuj shkollore.",https://eurooffice.al/product/toner-hp-lj-cf285a/
"Toner kompatibel RICOH  Type MP301E  AFICIO MP 301SP, AFICIO MP 301SPF",2500,3500,2500,L,,true,https://eurooffice.al/wp-content/uploads/2020/06/R-MP-301.jpg,"Toner kompatibel RICOH Type MP301E AFICIO MP 301SP, AFICIO MP 301SPF",https://eurooffice.al/product/toner-kompatibel-ricoh-type-mp301e-aficio-mp-301sp-aficio-mp-301spf/
Toner HP LJ  CF283A,11500,13000,11500,L,,true,https://eurooffice.al/wp-content/uploads/2018/01/hp-toner-cf283a.jpg,"Prodhuesi: HP Kodi Produktit: CF283A Toner HP per Printera Laser me ngjyre te zeze. Toner HP No. 83A eshte perfekt per printerin tuaj. Ky produkt cilesor ofron saktesi dhe definicion te larte per dokumentat e printuar. Instalohet lehtesisht ne printerin tuaj. Mund te printohen ne total rreth 1,500 faqe. Te gjitha produktet tona jane te nje cilesie te larte dhe me cmimet me konkurruese ne treg. Ne tregohemi te kujdesshem ne perzgjedhjen e partnereve tane per te sjelle prane jush produkte cilesore. Tek ne do te gjeni gjithe gamen e artikujve qe ju nevojitet ne zyra, institucione si dhe artikuj shkollore.",https://eurooffice.al/product/hp-toner-cf283a/
"Toner kompatibel RICOH Aficio SP330, (3.5k)  408278",3800,5000,3800,L,,true,https://eurooffice.al/wp-content/uploads/2025/04/Ricoh-sp-330.jpg,"Toner kompatibel RICOH Type 1270D AFICIO 1515, AFICIO 1515F, AFICIO 1515MF, AFICIO 1515PS, AFICIO MP 161, AFICIO MP 161L, AFICIO MP 161LN, AFICIO MP 171, AFICIO MP 171F, AFICIO MP 171SPF, AFICIO MP 201",https://eurooffice.al/product/toner-kompatibel-ricoh-aficio-sp330-3-5k-408278/
Toner HP LJ  cian CF351A  130A,10500,11500,10500,L,,true,https://eurooffice.al/wp-content/uploads/2020/05/351A.jpg,Prodhuesi: HP Kodi Produktit:Toner HP LJ cian CF 351A 130A,https://eurooffice.al/product/toner-hp-lj-cian-cf-351a-130a/
"Toner kompatibel RICOH Type 1230D AFICIO 2000LN, AFICIO 2015, AFICIO 2016, AFICIO 2018, AFICIO 2018D, AFICIO 2020, AFICIO 2020D, AFICIO MP 1500, AFICIO MP 1600L, AFICIO MP 2000LN",2000,3000,2000,L,,true,https://eurooffice.al/wp-content/uploads/2020/06/R-1230.png,"Toner kompatibel RICOH Type Type 1230D AFICIO 2000LN, AFICIO 2015, AFICIO 2016, AFICIO 2018, AFICIO 2018D, AFICIO 2020, AFICIO 2020D, AFICIO MP 1500, AFICIO MP 1600L, AFICIO MP 2000LN",https://eurooffice.al/product/toner-kompatibel-ricoh-type-type-1230d-aficio-2000ln-aficio-2015-aficio-2016-aficio-2018-aficio-2018d-aficio-2020-aficio-2020d-aficio-mp-1500-aficio-mp-1600l-aficio-mp-2000ln/
"Toner HP LJ  Color Black CE320A,  (128A)",11000,12000,11000,L,,true,https://eurooffice.al/wp-content/uploads/2018/05/CE320A.jpg,"Prodhuesi: HP Kodi Produktit:Toner HP LJ Color Black CE320A, (128A)",https://eurooffice.al/product/toner-hp-lj-color-black-ce320a-128a/
"Toner HP LJ  Color magenta CE323A,  (128A)",12000,12800,12000,L,,true,https://eurooffice.al/wp-content/uploads/2020/05/85278.jpg,"Prodhuesi: HP Kodi Produktit:Toner HP LJ Color magenta CE323A, (128A)",https://eurooffice.al/product/toner-hp-lj-color-magenta-ce323a-128a/
"Toner HP LJ  Color Cian CE321A,",12000,13200,12000,L,,true,https://eurooffice.al/wp-content/uploads/2018/05/CE-321A.jpg,"Prodhuesi: HP Kodi Produktit:Toner HP LJ Color Cian CE321A, (128A)",https://eurooffice.al/product/toner-hp-lj-color-cian-ce321a/
"Toner HP LJ  Color yellow CE322A,  (128A)",12000,13500,12000,L,,true,https://eurooffice.al/wp-content/uploads/2020/05/CE322A.jpg,"Prodhuesi: HP Kodi Produktit:Toner HP LJ Color yellow CE322A, (128A)",https://eurooffice.al/product/toner-hp-lj-color-yellow-ce322a-128a/
Toner HP LJ  Magenta CF353A  130A,10400,11000,10400,L,,true,https://eurooffice.al/wp-content/uploads/2020/05/CF353A.jpg,Prodhuesi: HP Kodi Produktit:Toner HP LJ Magenta CF353A 130A,https://eurooffice.al/product/toner-hp-lj-magenta-cf35a-130a/
Toner HP LJ  Q2612A,10000,12300,10000,L,,true,https://eurooffice.al/wp-content/uploads/2018/05/12-1.jpg,Prodhuesi: HP Kodi Produktit: Toner HP LJ Q2612A,https://eurooffice.al/product/toner-hp-lj-q2612a/
"Toner HP LJ CE410A  BLACK (305A) HP:COLOR LASERJET PRO M375NW, COLOR LASERJET PRO M451DN, COLOR LASERJET PRO M475DN, LASERJET PRO 300 M351A, LASERJET PRO 400 M451DN, LASERJET PRO 400 M451NW, LASERJET PRO MFP M475DW",13000,14500,13000,L,,true,https://eurooffice.al/wp-content/uploads/2020/05/CE-410-A.jpg,"Toner HP LJ CE410A BLACK HP:COLOR LASERJET PRO M375NW, COLOR LASERJET PRO M451DN, COLOR LASERJET PRO M475DN, LASERJET PRO 300 M351A, LASERJET PRO 400 M451DN, LASERJET PRO 400 M451NW, LASERJET PRO MFP M475DW",https://eurooffice.al/product/toner-hp-lj-ce410a-black-305a-hpcolor-laserjet-pro-m375nw-color-laserjet-pro-m451dn-color-laserjet-pro-m475dn-laserjet-pro-300-m351a-laserjet-pro-400-m451dn-laserjet-pro-400-m451nw-laserjet/
Toner HP LJ  Yellow CF352A  130A,10400,11000,10400,L,,true,https://eurooffice.al/wp-content/uploads/2020/05/HPCF352A.jpg,Prodhuesi: HP Kodi Produktit:Toner HP LJ Yellow CF352A 130A,https://eurooffice.al/product/toner-hp-lj-yellow-cf352a-130a/
"Toner HP LJ CE411A  CIAN (305A) HP:COLOR LASERJET PRO M375NW, COLOR LASERJET PRO M451DN, COLOR LASERJET PRO M475DN, LASERJET PRO 300 M351A, LASERJET PRO 400 M451DN, LASERJET PRO 400 M451NW, LASERJET PRO MFP M475DW",18500,19800,18500,L,,true,https://eurooffice.al/wp-content/uploads/2020/05/CE-411E.jpg,"Toner HP LJ CE411A CIAN (305A) HP:COLOR LASERJET PRO M375NW, COLOR LASERJET PRO M451DN, COLOR LASERJET PRO M475DN, LASERJET PRO 300 M351A, LASERJET PRO 400 M451DN, LASERJET PRO 400 M451NW, LASERJET PRO MFP M475DW",https://eurooffice.al/product/toner-hp-lj-ce411a-cian-305a-hpcolor-laserjet-pro-m375nw-color-laserjet-pro-m451dn-color-laserjet-pro-m475dn-laserjet-pro-300-m351a-laserjet-pro-400-m451dn-laserjet-pro-400-m451nw-laserjet-p/
"Toner kompatibel SAMSUNG  ML-1610D  ML-1610, ML-2010, ML-2510, ML-2570, ML-2571, ML-2571N, SCX-4321, SCX-4521F",4000,5000,4000,L,,true,https://eurooffice.al/wp-content/uploads/2020/06/1610.jpg,"Toner kompatibel SAMSUNG ML-1610D ML-1610, ML-2010, ML-2510, ML-2570, ML-2571, ML-2571N, SCX-4321, SCX-4521F",https://eurooffice.al/product/toner-kompatibel-samsung-ml-1610d-ml-1610-ml-2010-ml-2510-ml-2570-ml-2571-ml-2571n-scx-4321-scx-4521f/
"Toner kompatibel SAMSUNG  MLT-D101S  ML-2160, ML-2165, ML-2165W, SCX-3400, SCX-3400F, SCX-3405, SCX-3405F, SCX-3405FW, SF-760, SF-760P, SF-765P",4500,5500,4500,L,,true,https://eurooffice.al/wp-content/uploads/2020/05/718ccd1ks2L._SL1281_.jpg,"Toner kompatibel SAMSUNG MLT-D101S ML-2160, ML-2165, ML-2165W, SCX-3400, SCX-3400F, SCX-3405, SCX-3405F, SCX-3405FW, SF-760, SF-760P, SF-765P",https://eurooffice.al/product/toner-kompatibel-samsung-mlt-d101s-ml-2160-ml-2165-ml-2165w-scx-3400-scx-3400f-scx-3405-scx-3405f-scx-3405fw-sf-760-sf-760p-sf-765p/
"Toner kompatibel SAMSUNG  MLT-D1052L  ML-1910, ML-1915, ML-2525, ML-2525W, ML-2540, ML-2540R, ML-2545, ML-2580N, SCX-4600, SCX-4623F, SCX-4623FN, SF-650, SF-650P",4500,5500,4500,L,,true,https://eurooffice.al/wp-content/uploads/2020/06/1052.jpg,"Toner kompatibel SAMSUNG MLT-D1052L ML-1910, ML-1915, ML-2525, ML-2525W, ML-2540, ML-2540R, ML-2545, ML-2580N, SCX-4600, SCX-4623F, SCX-4623FN, SF-650, SF-650P",https://eurooffice.al/product/toner-kompatibel-samsung-mlt-d1052l-ml-1910-ml-1915-ml-2525-ml-2525w-ml-2540-ml-2540r-ml-2545-ml-2580n-scx-4600-scx-4623f-scx-4623fn-sf-650-sf-650p/
"Toner kompatibel SAMSUNG  MLT-D1042S  ML-1660, ML-1665, ML-1670, ML-1860, ML-1865, ML-1865W, SCX-3200, SCX-3205, SCX-3205W",3500,4500,3500,L,,true,https://eurooffice.al/wp-content/uploads/2020/06/1042.jpg,"Toner kompatibel SAMSUNG MLT-D1042S ML-1660, ML-1665, ML-1670, ML-1860, ML-1865, ML-1865W, SCX-3200, SCX-3205, SCX-3205W",https://eurooffice.al/product/toner-kompatibel-samsung-mlt-d1042s-ml-1660-ml-1665-ml-1670-ml-1860-ml-1865-ml-1865w-scx-3200-scx-3205-scx-3205w/
"Toner kompatibel SAMSUNG  MLT-D1082S    ML-2240, ML-1640",4000,5000,4000,L,,true,https://eurooffice.al/wp-content/uploads/2020/06/1640.jpg,"Toner kompatibel SAMSUNG MLT-D1082S ML-1610D ML-2240, ML-1640",https://eurooffice.al/product/toner-kompatibel-samsung-mlt-d1082s-ml-1610d-ml-2240-ml-1640/
"Toner kompatibel SAMSUNG  MLT-D111L  SL-M2022, SL-M2022W, SL-M2026, SL-M2070, SL-M2070F, SL-M2070FW, XPRESS M2020, XPRESS M2020W, XPRESS M2022, XPRESS M2070, XPRESS M2078W",3500,4000,3500,L,,false,https://eurooffice.al/wp-content/uploads/2020/06/4604345.jpg,"Toner kompatibel SAMSUNG MLT-D111L SL-M2022, SL-M2022W, SL-M2026, SL-M2070, SL-M2070F, SL-M2070FW, XPRESS M2020, XPRESS M2020W, XPRESS M2022, XPRESS M2070, XPRESS M2078W",https://eurooffice.al/product/toner-kompatibel-samsung-mlt-d111l-sl-m2022-sl-m2022w-sl-m2026-sl-m2070-sl-m2070f-sl-m2070fw-xpress-m2020-xpress-m2020w-xpress-m2022-xpress-m2070-xpress-m2078w/
Toner kompatibel SAMSUNG  MLT-D1092S  SCX-4300,4500,5500,4500,L,,true,https://eurooffice.al/wp-content/uploads/2020/06/4300.jpg,Toner kompatibel SAMSUNG MLT-D1092S SCX-4300,https://eurooffice.al/product/toner-kompatibel-samsung-mlt-d1092s-scx-4300/
"Toner kompatibel XEROX PHASER 3020, WORKCENTRE 3025",3000,3800,3000,L,,true,https://eurooffice.al/wp-content/uploads/2020/05/modeli.jpg,"Toner kompatibel XEROX PHASER 3020, WORKCENTRE 3025",https://eurooffice.al/product/toner-kompatibel-xerox-phaser-3020-workcentre-3025/
"Toner kompatibel SAMSUNG  MLT-D116L  SL-M2675FN, SL-M2825DW, SL-M2875FD, SL-M2875FW, SL-M2875ND, XPRESS M2625, XPRESS M2625D, XPRESS M2675F, XPRESS M2675FN, XPRESS M2825DW, XPRESS M2825ND, XPRESS M2835DW, XPRESS M2855FW, XPRESS M2875FD, XPRESS M2875FW, XPRESS M2885FW",3500,4500,3500,L,,true,https://eurooffice.al/wp-content/uploads/2020/06/116-sams.jpg,"Toner kompatibel SAMSUNG MLT-D116L SL-M2675FN, SL-M2825DW, SL-M2875FD, SL-M2875FW, SL-M2875ND, XPRESS M2625, XPRESS M2625D, XPRESS M2675F, XPRESS M2675FN, XPRESS M2825DW, XPRESS M2825ND, XPRESS M2835DW, XPRESS M2855FW, XPRESS M2875FD, XPRESS M2875FW, XPRESS M2885FW",https://eurooffice.al/product/toner-kompatibel-samsung-mlt-d116l-sl-m2675fn-sl-m2825dw-sl-m2875fd-sl-m2875fw-sl-m2875nd-xpress-m2625-xpress-m2625d-xpress-m2675f-xpress-m2675fn-xpress-m2825dw-xpress-m2825nd-xpress-m283/
"Toner kompatibel XEROX PHASER 3052, PHASER 3260, WORKCENTRE 3215, WORKCENTRE 3225  106R02778",3500,4500,3500,L,,true,https://eurooffice.al/wp-content/uploads/2020/05/modeli.jpg,"Toner kompatibel XEROX PHASER 3052, PHASER 3260, WORKCENTRE 3215, WORKCENTRE 3225 106R02778",https://eurooffice.al/product/toner-kompatibel-xerox-phaser-3052-phaser-3260-workcentre-3215-workcentre-3225-106r02778/
"Toner KYOCERA – MITA:ECOSYS M3040DN, ECOSYS M3540DN, FS-2100DN, FS-4200DN  TK-3100",13500,15000,13500,L,,true,https://eurooffice.al/wp-content/uploads/2020/05/Kyocera_TK3100_Black_Toner-.jpg,"Prodhuesi:kIOCERA Modeli:Toner KYOCERA – MITA:ECOSYS M3040DN, ECOSYS M3540DN, FS-2100DN, FS-4200DN TK-3100 Toner Toshiba per Printera Laser. Ky produkt cilesor ofron saktesi dhe definicion te larte per dokumentat e printuar. Instalohet lehtesisht ne printerin tuaj. Toner i zi qe mund te printoj ne total 24,000 flete. Te gjitha produktet tona jane te nje cilesie te larte dhe me cmimet me konkurruese ne treg. Ne tregohemi te kujdesshem ne perzgjedhjen e partnereve tane per te sjelle prane jush produkte cilesore. Tek ne do te gjeni gjithe gamen e artikujve qe ju nevojitet ne zyra, institucione si dhe artikuj shkollore.",https://eurooffice.al/product/toner-kyocera-mitaecosys-m3040dn-ecosys-m3540dn-fs-2100dn-fs-4200dn-tk-3100/
"Toner KYOCERA – MITA:ECOSYS M2035DN, ECOSYS M2535DN, FS-1035MFP, FS-1135MFP  TK-1140",11500,12800,11500,L,,true,https://eurooffice.al/wp-content/uploads/2020/05/TK-1140.jpg,"Prodhuesi: Modeli:Toner KYOCERA – MITA:ECOSYS M2035DN, ECOSYS M2535DN, FS-1035MFP, FS-1135MFP TK-1140 Toner Toshiba per Printera Laser. Ky produkt cilesor ofron saktesi dhe definicion te larte per dokumentat e printuar. Instalohet lehtesisht ne printerin tuaj. Toner i zi qe mund te printoj ne total 24,000 flete. Te gjitha produktet tona jane te nje cilesie te larte dhe me cmimet me konkurruese ne treg. Ne tregohemi te kujdesshem ne perzgjedhjen e partnereve tane per te sjelle prane jush produkte cilesore. Tek ne do te gjeni gjithe gamen e artikujve qe ju nevojitet ne zyra, institucione si dhe artikuj shkollore.",https://eurooffice.al/product/toner-kyocera-mitaecosys-m2035dn-ecosys-m2535dn-fs-1035mfp-fs-1135mfp-tk-1140/
"Toner KYOCERA – MITA:ECOSYS M3550idn, ECOSYS M3560idn, FS-4200DN, FS-4300DN  TK-3130",17500,19000,17500,L,,true,https://eurooffice.al/wp-content/uploads/2020/05/3130.jpg,"Prodhuesi:kIOCERA Modeli:Toner KYOCERA – MITA:ECOSYS M3550idn, ECOSYS M3560idn, FS-4200DN, FS-4300DN TK-3130 Toner Toshiba per Printera Laser. Ky produkt cilesor ofron saktesi dhe definicion te larte per dokumentat e printuar. Instalohet lehtesisht ne printerin tuaj. Toner i zi qe mund te printoj ne total 24,000 flete. Te gjitha produktet tona jane te nje cilesie te larte dhe me cmimet me konkurruese ne treg. Ne tregohemi te kujdesshem ne perzgjedhjen e partnereve tane per te sjelle prane jush produkte cilesore. Tek ne do te gjeni gjithe gamen e artikujve qe ju nevojitet ne zyra, institucione si dhe artikuj shkollore.",https://eurooffice.al/product/toner-kyocera-mitaecosys-m3550idn-ecosys-m3560idn-fs-4200dn-fs-4300dn-tk-3130/
"Toner KYOCERA – MITA:ECOSYS M6035CIDN, ECOSYS M6535CIDN, ECOSYS P6035CDN TK 5150C  CIAN",26000,28500,26000,L,,true,https://eurooffice.al/wp-content/uploads/2020/05/tk_5150_cian.jpg,"Prodhuesi: Modeli:Toner KYOCERA – MITA:ECOSYS M6035CIDN, ECOSYS M6535CIDN, ECOSYS P6035CDN TK 5150C CIAN Toner Toshiba per Printera Laser. Ky produkt cilesor ofron saktesi dhe definicion te larte per dokumentat e printuar. Instalohet lehtesisht ne printerin tuaj. Toner i zi qe mund te printoj ne total 24,000 flete. Te gjitha produktet tona jane te nje cilesie te larte dhe me cmimet me konkurruese ne treg. Ne tregohemi te kujdesshem ne perzgjedhjen e partnereve tane per te sjelle prane jush produkte cilesore. Tek ne do te gjeni gjithe gamen e artikujve qe ju nevojitet ne zyra, institucione si dhe artikuj shkollore.",https://eurooffice.al/product/toner-kyocera-mitaecosys-m6035cidn-ecosys-m6535cidn-ecosys-p6035cdn-tk-5150c-cian/
"Toner KYOCERA – MITA:ECOSYS M3040IDN, ECOSYS M3540IDN TK-3150",13500,15000,13500,L,,true,https://eurooffice.al/wp-content/uploads/2020/05/3150.jpg,"Prodhuesi: Modeli:Toner KYOCERA – MITA:ECOSYS M3040IDN, ECOSYS M3540IDN TK-3150 Toner Toshiba per Printera Laser. Ky produkt cilesor ofron saktesi dhe definicion te larte per dokumentat e printuar. Instalohet lehtesisht ne printerin tuaj. Toner i zi qe mund te printoj ne total 24,000 flete. Te gjitha produktet tona jane te nje cilesie te larte dhe me cmimet me konkurruese ne treg. Ne tregohemi te kujdesshem ne perzgjedhjen e partnereve tane per te sjelle prane jush produkte cilesore. Tek ne do te gjeni gjithe gamen e artikujve qe ju nevojitet ne zyra, institucione si dhe artikuj shkollore.",https://eurooffice.al/product/toner-kyocera-mitaecosys-m3040idn-ecosys-m3540idn-tk-3150/
"RICOH:AFICIO MP C2800, AFICIO MP C3001, AFICIO MP C3300, AFICIO MP C3501 YELLOW",16000,17200,16000,L,,true,https://eurooffice.al/wp-content/uploads/2020/05/2800-color.jpg,"Prodhuesi: Ricoh Modeli: RICOH:AFICIO MP C2800, AFICIO MP C3001, AFICIO MP C3300, AFICIO MP C3501 YELLOW Toner Ricoh per Printera Laser. Ky produkt cilesor ofron saktesi dhe definicion te larte per dokumentat e printuar. Instalohet lehtesisht ne printerin tuaj. Toner i zi qe mund te printoj ne total 1,500 flete. Te gjitha produktet tona jane te nje cilesie te larte dhe me cmimet me konkurruese ne treg. Ne tregohemi te kujdesshem ne perzgjedhjen e partnereve tane per te sjelle prane jush produkte cilesore. Tek ne do te gjeni gjithe gamen e artikujve qe ju nevojitet ne zyra, institucione si dhe artikuj shkollore.",https://eurooffice.al/product/ricohaficio-mp-c2800-aficio-mp-c3001-aficio-mp-c3300-aficio-mp-c3501-yellow/
"RICOH:AFICIO MP C2800, AFICIO MP C3001, AFICIO MP C3300, AFICIO MP C3501 CIAN",16000,17200,16000,L,,true,https://eurooffice.al/wp-content/uploads/2020/05/2800-color.jpg,"Prodhuesi: Ricoh Modeli: RICOH:AFICIO MP C2800, AFICIO MP C3001, AFICIO MP C3300, AFICIO MP C3501 CIAN Toner Ricoh per Printera Laser. Ky produkt cilesor ofron saktesi dhe definicion te larte per dokumentat e printuar. Instalohet lehtesisht ne printerin tuaj. Toner i zi qe mund te printoj ne total 1,500 flete. Te gjitha produktet tona jane te nje cilesie te larte dhe me cmimet me konkurruese ne treg. Ne tregohemi te kujdesshem ne perzgjedhjen e partnereve tane per te sjelle prane jush produkte cilesore. Tek ne do te gjeni gjithe gamen e artikujve qe ju nevojitet ne zyra, institucione si dhe artikuj shkollore.",https://eurooffice.al/product/ricohaficio-mp-c2800-aficio-mp-c3001-aficio-mp-c3300-aficio-mp-c3501-cian/
"Toner KYOCERA – MITA:ECOSYS M6035CIDN, ECOSYS M6535CIDN, ECOSYS P6035CDN TK 5150K  BLACK",20500,22000,20500,L,,true,https://eurooffice.al/wp-content/uploads/2020/05/5150-bl.jpg,"Prodhuesi: Modeli:Toner KYOCERA – MITA:ECOSYS M6035CIDN, ECOSYS M6535CIDN, ECOSYS P6035CDN TK 5150K BLACK Toner Toshiba per Printera Laser. Ky produkt cilesor ofron saktesi dhe definicion te larte per dokumentat e printuar. Instalohet lehtesisht ne printerin tuaj. Toner i zi qe mund te printoj ne total 24,000 flete. Te gjitha produktet tona jane te nje cilesie te larte dhe me cmimet me konkurruese ne treg. Ne tregohemi te kujdesshem ne perzgjedhjen e partnereve tane per te sjelle prane jush produkte cilesore. Tek ne do te gjeni gjithe gamen e artikujve qe ju nevojitet ne zyra, institucione si dhe artikuj shkollore.",https://eurooffice.al/product/toner-kyocera-mitaecosys-m6035cidn-ecosys-m6535cidn-ecosys-p6035cdn-tk-5150k-black/
"Toner KYOCERA – MITA:ECOSYS M6035CIDN, ECOSYS M6535CIDN, ECOSYS P6035CDN TK 5150M MAGENTA",26000,28500,26000,L,,true,https://eurooffice.al/wp-content/uploads/2020/05/5150-m.jpg,"Prodhuesi: Modeli:Toner KYOCERA – MITA:ECOSYS M6035CIDN, ECOSYS M6535CIDN, ECOSYS P6035CDN TK 5150M MAGENTA Toner Toshiba per Printera Laser. Ky produkt cilesor ofron saktesi dhe definicion te larte per dokumentat e printuar. Instalohet lehtesisht ne printerin tuaj. Toner i zi qe mund te printoj ne total 24,000 flete. Te gjitha produktet tona jane te nje cilesie te larte dhe me cmimet me konkurruese ne treg. Ne tregohemi te kujdesshem ne perzgjedhjen e partnereve tane per te sjelle prane jush produkte cilesore. Tek ne do te gjeni gjithe gamen e artikujve qe ju nevojitet ne zyra, institucione si dhe artikuj shkollore.",https://eurooffice.al/product/toner-kyocera-mitaecosys-m6035cidn-ecosys-m6535cidn-ecosys-p6035cdn-tk-5150m-magenta/
"RICOH:AFICIO MP C2800, AFICIO MP C3001, AFICIO MP C3300, AFICIO MP C3501 MAGENTA",16000,17200,16000,L,,true,https://eurooffice.al/wp-content/uploads/2020/05/2800-color.jpg,"Prodhuesi: Ricoh Modeli: RICOH:AFICIO MP C2800, AFICIO MP C3001, AFICIO MP C3300, AFICIO MP C3501 MAGENTA Toner Ricoh per Printera Laser. Ky produkt cilesor ofron saktesi dhe definicion te larte per dokumentat e printuar. Instalohet lehtesisht ne printerin tuaj. Toner i zi qe mund te printoj ne total 1,500 flete. Te gjitha produktet tona jane te nje cilesie te larte dhe me cmimet me konkurruese ne treg. Ne tregohemi te kujdesshem ne perzgjedhjen e partnereve tane per te sjelle prane jush produkte cilesore. Tek ne do te gjeni gjithe gamen e artikujve qe ju nevojitet ne zyra, institucione si dhe artikuj shkollore.",https://eurooffice.al/product/ricohaficio-mp-c2800-aficio-mp-c3001-aficio-mp-c3300-aficio-mp-c3501-magenta/
Panasonic 411,7000,8000,7000,L,,true,https://eurooffice.al/wp-content/uploads/2018/01/panasonik.jpg,"Prodhuesi: Panasonic Modeli: KX-FAT411E Toner Panasonic per Printera Laser. Ky produkt cilesor ofron saktesi dhe definicion te larte per dokumentat e printuar. Instalohet lehtesisht ne printerin tuaj. Toner qe mund te printoj ne total 2,000 flete. Te gjitha produktet tona jane te nje cilesie te larte dhe me cmimet me konkurruese ne treg. Ne tregohemi te kujdesshem ne perzgjedhjen e partnereve tane per te sjelle prane jush produkte cilesore. Tek ne do te gjeni gjithe gamen e artikujve qe ju nevojitet ne zyra, institucione si dhe artikuj shkollore.",https://eurooffice.al/product/panasonic-411/
Toner  Brother TN-1050,7000,7800,7000,L,,true,https://eurooffice.al/wp-content/uploads/2020/05/1050.jpg,"Prodhuesi: Brother Modeli: Toner Brother TN-1050 Toner Brother per Printera Laser. Ky produkt cilesor ofron saktesi dhe definicion te larte per dokumentat e printuar. Instalohet lehtesisht ne printerin tuaj. Toner qe mund te printoj ne total 3,000 flete. Te gjitha produktet tona jane te nje cilesie te larte dhe me cmimet me konkurruese ne treg. Ne tregohemi te kujdesshem ne perzgjedhjen e partnereve tane per te sjelle prane jush produkte cilesore. Tek ne do te gjeni gjithe gamen e artikujve qe ju nevojitet ne zyra, institucione si dhe artikuj shkollore.",https://eurooffice.al/product/toner-brother-tn-1050/
Toner  Brother TN-2320,9000,10500,9000,L,,true,https://eurooffice.al/wp-content/uploads/2020/05/2320.jpg,"Prodhuesi: Brother Modeli: Toner Brother TN-2320 Toner Brother per Printera Laser. Ky produkt cilesor ofron saktesi dhe definicion te larte per dokumentat e printuar. Instalohet lehtesisht ne printerin tuaj. Toner qe mund te printoj ne total 3,000 flete. Te gjitha produktet tona jane te nje cilesie te larte dhe me cmimet me konkurruese ne treg. Ne tregohemi te kujdesshem ne perzgjedhjen e partnereve tane per te sjelle prane jush produkte cilesore. Tek ne do te gjeni gjithe gamen e artikujve qe ju nevojitet ne zyra, institucione si dhe artikuj shkollore.",https://eurooffice.al/product/toner-brother-tn-2320/
Toner Samsung MLT-D116S,5500,6600,5500,L,,true,https://eurooffice.al/wp-content/uploads/2020/05/MLTD116S.jpg,"Prodhuesi: Samsung Modeli:Toner Samsung MLT-D116S Toner Samsung per Printera Laser. Ky produkt cilesor ofron saktesi dhe definicion te larte per dokumentat e printuar. Instalohet lehtesisht ne printerin tuaj. Toner i zi qe mund te printoj ne total 1000 flete. Te gjitha produktet tona jane te nje cilesie te larte dhe me cmimet me konkurruese ne treg. Ne tregohemi te kujdesshem ne perzgjedhjen e partnereve tane per te sjelle prane jush produkte cilesore. Tek ne do te gjeni gjithe gamen e artikujve qe ju nevojitet ne zyra, institucione si dhe artikuj shkollore.",https://eurooffice.al/product/toner-samsung-mlt-d116s/
"Toner KYOCERA – MITA:ECOSYS P2035D, FS-1120D, FS-1120DN  TK-160",9000,10500,9000,L,,true,https://eurooffice.al/wp-content/uploads/2020/05/TK-160.jpg,"Prodhuesi:kIOCERA Modeli:Toner KYOCERA – MITA:ECOSYS P2035D, FS-1120D, FS-1120DN TK-160 Toner Toshiba per Printera Laser. Ky produkt cilesor ofron saktesi dhe definicion te larte per dokumentat e printuar. Instalohet lehtesisht ne printerin tuaj. Toner i zi qe mund te printoj ne total 24,000 flete. Te gjitha produktet tona jane te nje cilesie te larte dhe me cmimet me konkurruese ne treg. Ne tregohemi te kujdesshem ne perzgjedhjen e partnereve tane per te sjelle prane jush produkte cilesore. Tek ne do te gjeni gjithe gamen e artikujve qe ju nevojitet ne zyra, institucione si dhe artikuj shkollore.",https://eurooffice.al/product/toner-kyocera-mitaecosys-p2035d-fs-1120d-fs-1120dn-tk-160/
"Toner MINOLTA:BIZHUB C224, BIZHUB C284, BIZHUB C364 (A33K250) (TN321Y) yellow",12000,13000,12000,L,,true,https://eurooffice.al/wp-content/uploads/2020/05/TN-321.jpg,"Prodhuesi: Minolta Modeli: Toner MINOLTA:BIZHUB C224, BIZHUB C284, BIZHUB C364 (A33K250) (TN321Y) yellow Toner Minolta per Printera Laser. Ky produkt cilesor ofron saktesi dhe definicion te larte per dokumentat e printuar. Instalohet lehtesisht ne printerin tuaj. Te gjitha produktet tona jane te nje cilesie te larte dhe me cmimet me konkurruese ne treg. Ne tregohemi te kujdesshem ne perzgjedhjen e partnereve tane per te sjelle prane jush produkte cilesore. Tek ne do te gjeni gjithe gamen e artikujve qe ju nevojitet ne zyra, institucione si dhe artikuj shkollore.",https://eurooffice.al/product/toner-minoltabizhub-c224-bizhub-c284-bizhub-c364-a33k250-tn321y-yellow/
"Toner KYOCERA – MITA:ECOSYS P2135D, ECOSYS P2135DN, FS-1320D, FS-1370DN  TK-170",12800,14500,12800,L,,true,https://eurooffice.al/wp-content/uploads/2020/05/TK-170.jpg,"Prodhuesi:kIOCERA Modeli:Toner KYOCERA – MITA:ECOSYS P2135D, ECOSYS P2135DN, FS-1320D, FS-1370DN TK-170 Toner Toshiba per Printera Laser. Ky produkt cilesor ofron saktesi dhe definicion te larte per dokumentat e printuar. Instalohet lehtesisht ne printerin tuaj. Toner i zi qe mund te printoj ne total 24,000 flete. Te gjitha produktet tona jane te nje cilesie te larte dhe me cmimet me konkurruese ne treg. Ne tregohemi te kujdesshem ne perzgjedhjen e partnereve tane per te sjelle prane jush produkte cilesore. Tek ne do te gjeni gjithe gamen e artikujve qe ju nevojitet ne zyra, institucione si dhe artikuj shkollore.",https://eurooffice.al/product/toner-kyocera-mitaecosys-p2135d-ecosys-p2135dn-fs-1320d-fs-1370dn-tk-170/
"Toner MINOLTA:BIZHUB C224, BIZHUB C284, BIZHUB C364 (A33K450) (TN321C) CIAN",12000,13000,12000,L,,true,https://eurooffice.al/wp-content/uploads/2020/05/TN-321.jpg,"Prodhuesi: Minolta Modeli: Toner MINOLTA:BIZHUB C224, BIZHUB C284, BIZHUB C364 (A33K450) (TN321C) CIAN Toner Minolta per Printera Laser. Ky produkt cilesor ofron saktesi dhe definicion te larte per dokumentat e printuar. Instalohet lehtesisht ne printerin tuaj. Te gjitha produktet tona jane te nje cilesie te larte dhe me cmimet me konkurruese ne treg. Ne tregohemi te kujdesshem ne perzgjedhjen e partnereve tane per te sjelle prane jush produkte cilesore. Tek ne do te gjeni gjithe gamen e artikujve qe ju nevojitet ne zyra, institucione si dhe artikuj shkollore.",https://eurooffice.al/product/toner-minoltabizhub-c224-bizhub-c284-bizhub-c364-a33k450-tn321c-cian/
"Toner KYOCERA – MITA:FS-1020MFP, FS-1040   TK-1110",6000,7000,6000,L,,true,https://eurooffice.al/wp-content/uploads/2020/05/TK-1110.jpg,"Prodhuesi:KIOCERA Modeli:Toner KYOCERA – MITA:FS-1020MFP, FS-1040 TK-1110 Toner Toshiba per Printera Laser. Ky produkt cilesor ofron saktesi dhe definicion te larte per dokumentat e printuar. Instalohet lehtesisht ne printerin tuaj. Toner i zi qe mund te printoj ne total 24,000 flete. Te gjitha produktet tona jane te nje cilesie te larte dhe me cmimet me konkurruese ne treg. Ne tregohemi te kujdesshem ne perzgjedhjen e partnereve tane per te sjelle prane jush produkte cilesore. Tek ne do te gjeni gjithe gamen e artikujve qe ju nevojitet ne zyra, institucione si dhe artikuj shkollore.",https://eurooffice.al/product/toner-kyocera-mitafs-1020mfp-fs-1040-tk-1110/
"Toner KYOCERA – MITA:FS-6025MFP, FS-6030MFP, FS-6525MFP, FS-6530MFP TK-475",14000,16500,14000,L,,true,https://eurooffice.al/wp-content/uploads/2020/05/TK-475..png,"Prodhuesi: Modeli:Toner KYOCERA – MITA:FS-6025MFP, FS-6030MFP, FS-6525MFP, FS-6530MFP TK-475 Toner Toshiba per Printera Laser. Ky produkt cilesor ofron saktesi dhe definicion te larte per dokumentat e printuar. Instalohet lehtesisht ne printerin tuaj. Toner i zi qe mund te printoj ne total 24,000 flete. Te gjitha produktet tona jane te nje cilesie te larte dhe me cmimet me konkurruese ne treg. Ne tregohemi te kujdesshem ne perzgjedhjen e partnereve tane per te sjelle prane jush produkte cilesore. Tek ne do te gjeni gjithe gamen e artikujve qe ju nevojitet ne zyra, institucione si dhe artikuj shkollore.",https://eurooffice.al/product/toner-kyocera-mitafs-6025mfp-fs-6030mfp-fs-6525mfp-fs-6530mfp-tk-475/
Toner Toshiba  T-FC20EK  Black,6500,7200,6500,L,,true,https://eurooffice.al/wp-content/uploads/2020/05/toshiba-t-fc20ek-1.jpg,"Prodhuesi:Toshiba Modeli: Toner Toshiba T-FC20EK Black Toner Toshiba per Printera Laser. Ky produkt cilesor ofron saktesi dhe definicion te larte per dokumentat e printuar. Instalohet lehtesisht ne printerin tuaj. Toner i zi qe mund te printoj ne total 24,000 flete. Te gjitha produktet tona jane te nje cilesie te larte dhe me cmimet me konkurruese ne treg. Ne tregohemi te kujdesshem ne perzgjedhjen e partnereve tane per te sjelle prane jush produkte cilesore. Tek ne do te gjeni gjithe gamen e artikujve qe ju nevojitet ne zyra, institucione si dhe artikuj shkollore.",https://eurooffice.al/product/toner-toshiba-t-fc20ek-black/
"Toner KYOCERA – MITA:TASKalfa 1800, TASKalfa 1801, TASKalfa 2200, TASKalfa 2201  TK-4105",10000,12000,10000,L,,true,https://eurooffice.al/wp-content/uploads/2020/05/Kyocera_TK-4105.jpg,"Prodhuesi: Modeli:Toner KYOCERA – MITA:TASKalfa 1800, TASKalfa 1801, TASKalfa 2200, TASKalfa 2201 TK-4105 Toner Toshiba per Printera Laser. Ky produkt cilesor ofron saktesi dhe definicion te larte per dokumentat e printuar. Instalohet lehtesisht ne printerin tuaj. Toner i zi qe mund te printoj ne total 24,000 flete. Te gjitha produktet tona jane te nje cilesie te larte dhe me cmimet me konkurruese ne treg. Ne tregohemi te kujdesshem ne perzgjedhjen e partnereve tane per te sjelle prane jush produkte cilesore. Tek ne do te gjeni gjithe gamen e artikujve qe ju nevojitet ne zyra, institucione si dhe artikuj shkollore.",https://eurooffice.al/product/toner-kyocera-mitataskalfa-1800-taskalfa-1801-taskalfa-2200-taskalfa-2201-tk-4105/
Toner laser Brother TN-3330,13000,15000,13000,L,,true,https://eurooffice.al/wp-content/uploads/2018/01/brother.jpg,"Prodhuesi: Brother Modeli: Toner laser Brother TN-3330 Toner Brother per Printera Laser. Ky produkt cilesor ofron saktesi dhe definicion te larte per dokumentat e printuar. Instalohet lehtesisht ne printerin tuaj. Toner qe mund te printoj ne total 3,000 flete. Te gjitha produktet tona jane te nje cilesie te larte dhe me cmimet me konkurruese ne treg. Ne tregohemi te kujdesshem ne perzgjedhjen e partnereve tane per te sjelle prane jush produkte cilesore. Tek ne do te gjeni gjithe gamen e artikujve qe ju nevojitet ne zyra, institucione si dhe artikuj shkollore.",https://eurooffice.al/product/brother-3330/
Toner laser Canon FX-10,11000,13500,11000,L,,true,https://eurooffice.al/wp-content/uploads/2018/01/canon.png,"Prodhuesi: Canon Modeli: Toner laser Canon FX-10 Toner Canon per Printera Laser. Ky produkt cilesor ofron saktesi dhe definicion te larte per dokumentat e printuar. Instalohet lehtesisht ne printerin tuaj. Toner i zi qe mund te printoj ne total 2,000 flete. Te gjitha produktet tona jane te nje cilesie te larte dhe me cmimet me konkurruese ne treg. Ne tregohemi te kujdesshem ne perzgjedhjen e partnereve tane per te sjelle prane jush produkte cilesore. Tek ne do te gjeni gjithe gamen e artikujve qe ju nevojitet ne zyra, institucione si dhe artikuj shkollore.",https://eurooffice.al/product/canon-fx10/
Toner Samsung MLT-D119S  ML 2010,10500,12000,10500,L,,true,https://eurooffice.al/wp-content/uploads/2020/05/ML2010D3.jpg,"Prodhuesi: Samsung Modeli: Toner Samsung MLT-D119S Toner Samsung per Printera Laser. Ky produkt cilesor ofron saktesi dhe definicion te larte per dokumentat e printuar. Instalohet lehtesisht ne printerin tuaj. Toner i zi qe mund te printoj ne total 1000 flete. Te gjitha produktet tona jane te nje cilesie te larte dhe me cmimet me konkurruese ne treg. Ne tregohemi te kujdesshem ne perzgjedhjen e partnereve tane per te sjelle prane jush produkte cilesore. Tek ne do te gjeni gjithe gamen e artikujve qe ju nevojitet ne zyra, institucione si dhe artikuj shkollore.",https://eurooffice.al/product/toner-samsung-mlt-d119s-ml-2010/
Toner laser Lexmark MS 310,10500,11000,10500,L,,true,https://eurooffice.al/wp-content/uploads/2018/01/lexmark.jpg,"Prodhuesi: Lexmark Modeli: Toner laser Lexmark MS 310 Toner Lexmark per Printera Laser. Ky produkt cilesor ofron saktesi dhe definicion te larte per dokumentat e printuar. Instalohet lehtesisht ne printerin tuaj. Toner qe mund te printoj ne total 60,000 flete. Te gjitha produktet tona jane te nje cilesie te larte dhe me cmimet me konkurruese ne treg. Ne tregohemi te kujdesshem ne perzgjedhjen e partnereve tane per te sjelle prane jush produkte cilesore. Tek ne do te gjeni gjithe gamen e artikujve qe ju nevojitet ne zyra, institucione si dhe artikuj shkollore.",https://eurooffice.al/product/lexmark-ms-310/
Toner Sharp (AR-020T),7500,9000,7500,L,,true,https://eurooffice.al/wp-content/uploads/2018/01/sharp2.gif,"Prodhuesi: Sharp Modeli: Toner Sharp (AR-020T) Toner Sharp per Printera Laser. Ky produkt cilesor ofron saktesi dhe definicion te larte per dokumentat e printuar. Instalohet lehtesisht ne printerin tuaj. Toner i zi qe mund te printoj ne total 16,000 flete. Te gjitha produktet tona jane te nje cilesie te larte dhe me cmimet me konkurruese ne treg. Ne tregohemi te kujdesshem ne perzgjedhjen e partnereve tane per te sjelle prane jush produkte cilesore. Tek ne do te gjeni gjithe gamen e artikujve qe ju nevojitet ne zyra, institucione si dhe artikuj shkollore.",https://eurooffice.al/product/sharp-020t/
Toner Lexmark CS 310  4 coloret,36500,39000,36500,L,,true,https://eurooffice.al/wp-content/uploads/2018/09/702.jpg,"Prodhuesi: Lexmark Modeli:Toner Lexmark CS 310 4 coloret Toner Lexmark per Printera Laser. Ky produkt cilesor ofron saktesi dhe definicion te larte per dokumentat e printuar. Instalohet lehtesisht ne printerin tuaj. Toner qe mund te printoj ne total 60,000 flete. Te gjitha produktet tona jane te nje cilesie te larte dhe me cmimet me konkurruese ne treg. Ne tregohemi te kujdesshem ne perzgjedhjen e partnereve tane per te sjelle prane jush produkte cilesore. Tek ne do te gjeni gjithe gamen e artikujve qe ju nevojitet ne zyra, institucione si dhe artikuj shkollore.",https://eurooffice.al/product/toner-lexmark-cs-310-4-coloret/
Toner Toshiba T-1800E,7500,8300,7500,L,,true,https://eurooffice.al/wp-content/uploads/2020/05/1800-E.jpg,"Prodhuesi:Toshiba Modeli: Toner Toshiba T-1800E Toner Toshiba per Printera Laser. Ky produkt cilesor ofron saktesi dhe definicion te larte per dokumentat e printuar. Instalohet lehtesisht ne printerin tuaj. Toner i zi qe mund te printoj ne total 24,000 flete. Te gjitha produktet tona jane te nje cilesie te larte dhe me cmimet me konkurruese ne treg. Ne tregohemi te kujdesshem ne perzgjedhjen e partnereve tane per te sjelle prane jush produkte cilesore. Tek ne do te gjeni gjithe gamen e artikujve qe ju nevojitet ne zyra, institucione si dhe artikuj shkollore.",https://eurooffice.al/product/toner-toshiba-t-1800e/
Toner Sharp AR-016T  	(AR-016T),0,0,,L,,true,https://eurooffice.al/wp-content/uploads/2018/09/016.jpg,"Prodhuesi: Sharp Modeli: Toner Sharp 016T Toner Sharp per Printera Laser. Ky produkt cilesor ofron saktesi dhe definicion te larte per dokumentat e printuar. Instalohet lehtesisht ne printerin tuaj. Toner i zi qe mund te printoj ne total 16,000 flete. Te gjitha produktet tona jane te nje cilesie te larte dhe me cmimet me konkurruese ne treg. Ne tregohemi te kujdesshem ne perzgjedhjen e partnereve tane per te sjelle prane jush produkte cilesore. Tek ne do te gjeni gjithe gamen e artikujve qe ju nevojitet ne zyra, institucione si dhe artikuj shkollore.",https://eurooffice.al/product/toner-sharp-ar-016t/
Toner Sharp AR-208  (AR-208T),0,0,,L,,true,https://eurooffice.al/wp-content/uploads/2018/09/208.jpg,"Prodhuesi: Sharp Modeli: Toner Sharp AR-208 Toner Sharp per Printera Laser. Ky produkt cilesor ofron saktesi dhe definicion te larte per dokumentat e printuar. Instalohet lehtesisht ne printerin tuaj. Toner i zi qe mund te printoj ne total 16,000 flete. Te gjitha produktet tona jane te nje cilesie te larte dhe me cmimet me konkurruese ne treg. Ne tregohemi te kujdesshem ne perzgjedhjen e partnereve tane per te sjelle prane jush produkte cilesore. Tek ne do te gjeni gjithe gamen e artikujve qe ju nevojitet ne zyra, institucione si dhe artikuj shkollore.",https://eurooffice.al/product/toner-sharp-ar-208/
Toner Sharp AR-235GT  (MX-235GT),0,0,,L,,true,https://eurooffice.al/wp-content/uploads/2018/09/235.jpg,"Prodhuesi: Sharp Modeli: Toner Sharp AR-235GT Toner Sharp per Printera Laser. Ky produkt cilesor ofron saktesi dhe definicion te larte per dokumentat e printuar. Instalohet lehtesisht ne printerin tuaj. Toner i zi qe mund te printoj ne total 16,000 flete. Te gjitha produktet tona jane te nje cilesie te larte dhe me cmimet me konkurruese ne treg. Ne tregohemi te kujdesshem ne perzgjedhjen e partnereve tane per te sjelle prane jush produkte cilesore. Tek ne do te gjeni gjithe gamen e artikujve qe ju nevojitet ne zyra, institucione si dhe artikuj shkollore.",https://eurooffice.al/product/toner-sharp-ar-235gt/
Toner Sharp AR-270T  (AR-270T),0,0,,L,,true,https://eurooffice.al/wp-content/uploads/2018/09/270.jpg,"Prodhuesi: Sharp Modeli: Toner Sharp AR-270T Toner Sharp per Printera Laser. Ky produkt cilesor ofron saktesi dhe definicion te larte per dokumentat e printuar. Instalohet lehtesisht ne printerin tuaj. Toner i zi qe mund te printoj ne total 16,000 flete. Te gjitha produktet tona jane te nje cilesie te larte dhe me cmimet me konkurruese ne treg. Ne tregohemi te kujdesshem ne perzgjedhjen e partnereve tane per te sjelle prane jush produkte cilesore. Tek ne do te gjeni gjithe gamen e artikujve qe ju nevojitet ne zyra, institucione si dhe artikuj shkollore.",https://eurooffice.al/product/toner-sharp-ar-270t/
Toner Toshiba T-1640 E  5K,3200,4200,3200,L,,true,https://eurooffice.al/wp-content/uploads/2018/09/5k.jpg,"Prodhuesi:Toshiba Modeli: Toner Toshiba T-1640 E 5K Toner Toshiba per Printera Laser. Ky produkt cilesor ofron saktesi dhe definicion te larte per dokumentat e printuar. Instalohet lehtesisht ne printerin tuaj. Toner i zi qe mund te printoj ne total 24,000 flete. Te gjitha produktet tona jane te nje cilesie te larte dhe me cmimet me konkurruese ne treg. Ne tregohemi te kujdesshem ne perzgjedhjen e partnereve tane per te sjelle prane jush produkte cilesore. Tek ne do te gjeni gjithe gamen e artikujve qe ju nevojitet ne zyra, institucione si dhe artikuj shkollore.",https://eurooffice.al/product/toner-toshiba-t-1640-e-5k/
"Toner OKI:B 412,  MB 472",13000,14000,13000,L,,true,https://eurooffice.al/wp-content/uploads/2018/01/412.jpg,"Prodhuesi: OKI Modeli: Toner OKI:B 412, MB 472",https://eurooffice.al/product/oki/
Toner Toshiba T-1640 E  24000K,6000,7300,6000,L,,true,https://eurooffice.al/wp-content/uploads/2018/01/toshiba.jpg,"Prodhuesi:Toshiba Modeli: Toner Toshiba T-1640 E Toner Toshiba per Printera Laser. Ky produkt cilesor ofron saktesi dhe definicion te larte per dokumentat e printuar. Instalohet lehtesisht ne printerin tuaj. Toner i zi qe mund te printoj ne total 24,000 flete. Te gjitha produktet tona jane te nje cilesie te larte dhe me cmimet me konkurruese ne treg. Ne tregohemi te kujdesshem ne perzgjedhjen e partnereve tane per te sjelle prane jush produkte cilesore. Tek ne do te gjeni gjithe gamen e artikujve qe ju nevojitet ne zyra, institucione si dhe artikuj shkollore.",https://eurooffice.al/product/toshiba/
Toner Panasonic B2000 (KX-FAT411X),7000,8000,7000,L,,true,https://eurooffice.al/wp-content/uploads/2018/01/panasonic-411.jpeg,Prodhuesi: Panasonic Modeli: Toner Panasonic B2000 (KX-FAT411X),https://eurooffice.al/product/panasonic/
"Toner KYOCERA – MITA:ECOSYS M6035CIDN, ECOSYS M6535CIDN, ECOSYS P6035CDN TK 5150Y YELLOW",26000,28500,26000,L,,true,https://eurooffice.al/wp-content/uploads/woocommerce-placeholder.png,"Prodhuesi: Modeli:Toner KYOCERA – MITA:ECOSYS M6035CIDN, ECOSYS M6535CIDN, ECOSYS P6035CDN TK 5150Y YELLOW Toner Toshiba per Printera Laser. Ky produkt cilesor ofron saktesi dhe definicion te larte per dokumentat e printuar. Instalohet lehtesisht ne printerin tuaj. Toner i zi qe mund te printoj ne total 24,000 flete. Te gjitha produktet tona jane te nje cilesie te larte dhe me cmimet me konkurruese ne treg. Ne tregohemi te kujdesshem ne perzgjedhjen e partnereve tane per te sjelle prane jush produkte cilesore. Tek ne do te gjeni gjithe gamen e artikujve qe ju nevojitet ne zyra, institucione si dhe artikuj shkollore.",https://eurooffice.al/product/toner-kyocera-mitaecosys-m6035cidn-ecosys-m6535cidn-ecosys-p6035cdn-tk-5150y-yellow/
Toner Toshiba T-FC20EC  Cian,11500,12300,11500,L,,true,https://eurooffice.al/wp-content/uploads/2020/05/Toshiba-T-FC20EC-Cyan.jpg,"Prodhuesi:Toshiba Modeli: Toner Toshiba T-FC20EC Cian Toner Toshiba per Printera Laser. Ky produkt cilesor ofron saktesi dhe definicion te larte per dokumentat e printuar. Instalohet lehtesisht ne printerin tuaj. Toner i zi qe mund te printoj ne total 24,000 flete. Te gjitha produktet tona jane te nje cilesie te larte dhe me cmimet me konkurruese ne treg. Ne tregohemi te kujdesshem ne perzgjedhjen e partnereve tane per te sjelle prane jush produkte cilesore. Tek ne do te gjeni gjithe gamen e artikujve qe ju nevojitet ne zyra, institucione si dhe artikuj shkollore.",https://eurooffice.al/product/toner-toshiba-t-fc20ec-cian/
"Toner PHASER 3020, WORKCENTRE 3025",10500,11000,10500,L,,true,https://eurooffice.al/wp-content/uploads/2018/01/xerox.jpg,"Prodhuesi: Xerox Modeli:Toner PHASER 3020, WORKCENTRE 3025 Toner Xerox per Printera Laser. Ky produkt cilesor ofron saktesi dhe definicion te larte per dokumentat e printuar. Instalohet lehtesisht ne printerin tuaj. Toner i zi qe mund te printoj ne total 3,000 flete. Te gjitha produktet tona jane te nje cilesie te larte dhe me cmimet me konkurruese ne treg. Ne tregohemi te kujdesshem ne perzgjedhjen e partnereve tane per te sjelle prane jush produkte cilesore. Tek ne do te gjeni gjithe gamen e artikujve qe ju nevojitet ne zyra, institucione si dhe artikuj shkollore.",https://eurooffice.al/product/xerox-3025/
"Toner RICOH AFICIO MP C2800, AF BlackICIO MP C3300   842043",8700,9500,8700,L,,true,https://eurooffice.al/wp-content/uploads/2020/05/2800-bl.jpg,"Prodhuesi: Ricoh Modeli: Toner RICOH AFICIO MP C2800, AF BlackICIO MP C3300 842043 Toner Ricoh per Printera Laser. Ky produkt cilesor ofron saktesi dhe definicion te larte per dokumentat e printuar. Instalohet lehtesisht ne printerin tuaj. Toner i zi qe mund te printoj ne total 1,500 flete. Te gjitha produktet tona jane te nje cilesie te larte dhe me cmimet me konkurruese ne treg. Ne tregohemi te kujdesshem ne perzgjedhjen e partnereve tane per te sjelle prane jush produkte cilesore. Tek ne do te gjeni gjithe gamen e artikujve qe ju nevojitet ne zyra, institucione si dhe artikuj shkollore.",https://eurooffice.al/product/toner-ricoh-aficio-mp-c2800-af-blackicio-mp-c3300-842043/
Toner Toshiba T-FC20EM  Magenta,11200,12000,11200,L,,true,https://eurooffice.al/wp-content/uploads/2020/05/tfc20em.jpg,"Prodhuesi:Toshiba Modeli: Toner Toshiba T-FC20EM Magenta Toner Toshiba per Printera Laser. Ky produkt cilesor ofron saktesi dhe definicion te larte per dokumentat e printuar. Instalohet lehtesisht ne printerin tuaj. Toner i zi qe mund te printoj ne total 24,000 flete. Te gjitha produktet tona jane te nje cilesie te larte dhe me cmimet me konkurruese ne treg. Ne tregohemi te kujdesshem ne perzgjedhjen e partnereve tane per te sjelle prane jush produkte cilesore. Tek ne do te gjeni gjithe gamen e artikujve qe ju nevojitet ne zyra, institucione si dhe artikuj shkollore.",https://eurooffice.al/product/toner-toshiba-t-fc20ey-yellow/
Toner RICOH AFICIO MP C3501 BLACK   842047,9000,9800,9000,L,,true,https://eurooffice.al/wp-content/uploads/2020/05/RTC3501s.jpg,"Prodhuesi: Ricoh Modeli: Toner RICOH AFICIO MP C3501 842047 Toner Ricoh per Printera Laser. Ky produkt cilesor ofron saktesi dhe definicion te larte per dokumentat e printuar. Instalohet lehtesisht ne printerin tuaj. Toner i zi qe mund te printoj ne total 1,500 flete. Te gjitha produktet tona jane te nje cilesie te larte dhe me cmimet me konkurruese ne treg. Ne tregohemi te kujdesshem ne perzgjedhjen e partnereve tane per te sjelle prane jush produkte cilesore. Tek ne do te gjeni gjithe gamen e artikujve qe ju nevojitet ne zyra, institucione si dhe artikuj shkollore.",https://eurooffice.al/product/toner-ricoh-aficio-mp-c3501-842047/
Toner ricoh Type  1230D,3800,4300,3800,L,,true,https://eurooffice.al/wp-content/uploads/2020/05/1230.jpg,"Prodhuesi: Ricoh Modeli: Toner ricoh Type 1230D Toner Ricoh per Printera Laser. Ky produkt cilesor ofron saktesi dhe definicion te larte per dokumentat e printuar. Instalohet lehtesisht ne printerin tuaj. Toner i zi qe mund te printoj ne total 1,500 flete. Te gjitha produktet tona jane te nje cilesie te larte dhe me cmimet me konkurruese ne treg. Ne tregohemi te kujdesshem ne perzgjedhjen e partnereve tane per te sjelle prane jush produkte cilesore. Tek ne do te gjeni gjithe gamen e artikujve qe ju nevojitet ne zyra, institucione si dhe artikuj shkollore.",https://eurooffice.al/product/toner-ricoh-type-1230d/
Toner Toshiba T-FC25E-K  Black,9000,9800,9000,L,,true,https://eurooffice.al/wp-content/uploads/2020/05/Ttfc25.png,"Prodhuesi:Toshiba Modeli:Toner Toshiba T-FC25E-K Black Toner Toshiba per Printera Laser. Ky produkt cilesor ofron saktesi dhe definicion te larte per dokumentat e printuar. Instalohet lehtesisht ne printerin tuaj. Toner i zi qe mund te printoj ne total 24,000 flete. Te gjitha produktet tona jane te nje cilesie te larte dhe me cmimet me konkurruese ne treg. Ne tregohemi te kujdesshem ne perzgjedhjen e partnereve tane per te sjelle prane jush produkte cilesore. Tek ne do te gjeni gjithe gamen e artikujve qe ju nevojitet ne zyra, institucione si dhe artikuj shkollore.",https://eurooffice.al/product/toner-toshiba-t-fc25e-k-black/
Toner Toshiba T-FC25E-C  Cian,15000,16800,15000,L,,true,https://eurooffice.al/wp-content/uploads/2020/05/Ttfc25.png,"Prodhuesi:Toshiba Modeli:Toner Toshiba T-FC25E-C Cian Toner Toshiba per Printera Laser. Ky produkt cilesor ofron saktesi dhe definicion te larte per dokumentat e printuar. Instalohet lehtesisht ne printerin tuaj. Toner i zi qe mund te printoj ne total 24,000 flete. Te gjitha produktet tona jane te nje cilesie te larte dhe me cmimet me konkurruese ne treg. Ne tregohemi te kujdesshem ne perzgjedhjen e partnereve tane per te sjelle prane jush produkte cilesore. Tek ne do te gjeni gjithe gamen e artikujve qe ju nevojitet ne zyra, institucione si dhe artikuj shkollore.",https://eurooffice.al/product/toner-toshiba-t-fc25e-c-cian/
Toner ricoh Type 1270D,3400,4000,3400,L,,true,https://eurooffice.al/wp-content/uploads/2018/01/ricoh.jpg,"Prodhuesi: Ricoh Modeli: Toner ricoh Type 1270D Toner Ricoh per Printera Laser. Ky produkt cilesor ofron saktesi dhe definicion te larte per dokumentat e printuar. Instalohet lehtesisht ne printerin tuaj. Toner i zi qe mund te printoj ne total 1,500 flete. Te gjitha produktet tona jane te nje cilesie te larte dhe me cmimet me konkurruese ne treg. Ne tregohemi te kujdesshem ne perzgjedhjen e partnereve tane per te sjelle prane jush produkte cilesore. Tek ne do te gjeni gjithe gamen e artikujve qe ju nevojitet ne zyra, institucione si dhe artikuj shkollore.",https://eurooffice.al/product/ricoh-toner-sp-201/
Toner Toshiba T-FC25E-M   Magenta,15800,16800,15800,L,,true,https://eurooffice.al/wp-content/uploads/2020/05/Ttfc25.png,"Prodhuesi:Toshiba Modeli:Toner Toshiba T-FC25E-M Magenta Toner Toshiba per Printera Laser. Ky produkt cilesor ofron saktesi dhe definicion te larte per dokumentat e printuar. Instalohet lehtesisht ne printerin tuaj. Toner i zi qe mund te printoj ne total 24,000 flete. Te gjitha produktet tona jane te nje cilesie te larte dhe me cmimet me konkurruese ne treg. Ne tregohemi te kujdesshem ne perzgjedhjen e partnereve tane per te sjelle prane jush produkte cilesore. Tek ne do te gjeni gjithe gamen e artikujve qe ju nevojitet ne zyra, institucione si dhe artikuj shkollore.",https://eurooffice.al/product/toner-toshiba-t-fc25e-m-magenta/
Toner ricoh Type MP 301,3500,4000,3500,L,,true,https://eurooffice.al/wp-content/uploads/2020/05/MP-301.jpg,"Prodhuesi: Ricoh Modeli: Toner ricoh Type MP 301 Toner Ricoh per Printera Laser. Ky produkt cilesor ofron saktesi dhe definicion te larte per dokumentat e printuar. Instalohet lehtesisht ne printerin tuaj. Toner i zi qe mund te printoj ne total 1,500 flete. Te gjitha produktet tona jane te nje cilesie te larte dhe me cmimet me konkurruese ne treg. Ne tregohemi te kujdesshem ne perzgjedhjen e partnereve tane per te sjelle prane jush produkte cilesore. Tek ne do te gjeni gjithe gamen e artikujve qe ju nevojitet ne zyra, institucione si dhe artikuj shkollore.",https://eurooffice.al/product/toner-ricoh-type-mp-301/
Toner Toshiba T-FC25E-Y   Yellow,16000,17200,16000,L,,true,https://eurooffice.al/wp-content/uploads/2020/05/Ttfc25.png,"Prodhuesi:Toshiba Modeli:Toner Toshiba T-FC25E-Y Yellow Toner Toshiba per Printera Laser. Ky produkt cilesor ofron saktesi dhe definicion te larte per dokumentat e printuar. Instalohet lehtesisht ne printerin tuaj. Toner i zi qe mund te printoj ne total 24,000 flete. Te gjitha produktet tona jane te nje cilesie te larte dhe me cmimet me konkurruese ne treg. Ne tregohemi te kujdesshem ne perzgjedhjen e partnereve tane per te sjelle prane jush produkte cilesore. Tek ne do te gjeni gjithe gamen e artikujve qe ju nevojitet ne zyra, institucione si dhe artikuj shkollore.",https://eurooffice.al/product/toner-toshiba-t-fc25e-y-yellow/
Toner Toshiba T-FC28E-C   Cian,0,0,,L,,true,https://eurooffice.al/wp-content/uploads/2020/05/TFC28EC-C.jpg,"Prodhuesi:Toshiba Modeli:Toner Toshiba T-FC28E-C Cian Toner Toshiba per Printera Laser. Ky produkt cilesor ofron saktesi dhe definicion te larte per dokumentat e printuar. Instalohet lehtesisht ne printerin tuaj. Toner i zi qe mund te printoj ne total 24,000 flete. Te gjitha produktet tona jane te nje cilesie te larte dhe me cmimet me konkurruese ne treg. Ne tregohemi te kujdesshem ne perzgjedhjen e partnereve tane per te sjelle prane jush produkte cilesore. Tek ne do te gjeni gjithe gamen e artikujve qe ju nevojitet ne zyra, institucione si dhe artikuj shkollore.",https://eurooffice.al/product/toner-toshiba-t-fc28e-c-cian/
Toner Toshiba T-FC28E-M  Magenta,14000,16000,14000,L,,true,https://eurooffice.al/wp-content/uploads/2020/05/TFC28M.jpeg,"Prodhuesi:Toshiba Modeli:Toner Toshiba T-FC28E-M Magenta Toner Toshiba per Printera Laser. Ky produkt cilesor ofron saktesi dhe definicion te larte per dokumentat e printuar. Instalohet lehtesisht ne printerin tuaj. Toner i zi qe mund te printoj ne total 24,000 flete. Te gjitha produktet tona jane te nje cilesie te larte dhe me cmimet me konkurruese ne treg. Ne tregohemi te kujdesshem ne perzgjedhjen e partnereve tane per te sjelle prane jush produkte cilesore. Tek ne do te gjeni gjithe gamen e artikujve qe ju nevojitet ne zyra, institucione si dhe artikuj shkollore.",https://eurooffice.al/product/toner-toshiba-t-fc28e-m-magenta/
Toner Toshiba T-FC28E-K   Black,7500,8500,7500,L,,true,https://eurooffice.al/wp-content/uploads/2020/05/tfc-28-k.jpg,"Prodhuesi:Toshiba Modeli:Toner Toshiba T-FC28E-K Black Toner Toshiba per Printera Laser. Ky produkt cilesor ofron saktesi dhe definicion te larte per dokumentat e printuar. Instalohet lehtesisht ne printerin tuaj. Toner i zi qe mund te printoj ne total 24,000 flete. Te gjitha produktet tona jane te nje cilesie te larte dhe me cmimet me konkurruese ne treg. Ne tregohemi te kujdesshem ne perzgjedhjen e partnereve tane per te sjelle prane jush produkte cilesore. Tek ne do te gjeni gjithe gamen e artikujve qe ju nevojitet ne zyra, institucione si dhe artikuj shkollore.",https://eurooffice.al/product/toner-toshiba-t-fc30ey-yellow/
Toner Toshiba T-FC30EC   Cian,18800,20000,18800,L,,true,https://eurooffice.al/wp-content/uploads/2020/05/tfc-30.jpg,"Prodhuesi:Toshiba Modeli:Toner Toshiba T-FC30EC Cian Toner Toshiba per Printera Laser. Ky produkt cilesor ofron saktesi dhe definicion te larte per dokumentat e printuar. Instalohet lehtesisht ne printerin tuaj. Toner i zi qe mund te printoj ne total 24,000 flete. Te gjitha produktet tona jane te nje cilesie te larte dhe me cmimet me konkurruese ne treg. Ne tregohemi te kujdesshem ne perzgjedhjen e partnereve tane per te sjelle prane jush produkte cilesore. Tek ne do te gjeni gjithe gamen e artikujve qe ju nevojitet ne zyra, institucione si dhe artikuj shkollore.",https://eurooffice.al/product/toner-toshiba-t-fc30ec-cian/
Toner Toshiba T-FC28E-Y  Yellow,15000,16000,15000,L,,true,https://eurooffice.al/wp-content/uploads/2020/05/tfc-28-y.jpg,"Prodhuesi:Toshiba Modeli:Toner Toshiba T-FC28E-Y Yellow Toner Toshiba per Printera Laser. Ky produkt cilesor ofron saktesi dhe definicion te larte per dokumentat e printuar. Instalohet lehtesisht ne printerin tuaj. Toner i zi qe mund te printoj ne total 24,000 flete. Te gjitha produktet tona jane te nje cilesie te larte dhe me cmimet me konkurruese ne treg. Ne tregohemi te kujdesshem ne perzgjedhjen e partnereve tane per te sjelle prane jush produkte cilesore. Tek ne do te gjeni gjithe gamen e artikujve qe ju nevojitet ne zyra, institucione si dhe artikuj shkollore.",https://eurooffice.al/product/toner-toshiba-t-fc28e-y-yellow/
Toner Toshiba T-2505E,4500,4800,4500,L,,true,https://eurooffice.al/wp-content/uploads/2018/09/2505.jpg,"Prodhuesi:Toshiba Modeli: Toner Toshiba T-2505E Toner Toshiba per Printera Laser. Ky produkt cilesor ofron saktesi dhe definicion te larte per dokumentat e printuar. Instalohet lehtesisht ne printerin tuaj. Toner i zi qe mund te printoj ne total 24,000 flete. Te gjitha produktet tona jane te nje cilesie te larte dhe me cmimet me konkurruese ne treg. Ne tregohemi te kujdesshem ne perzgjedhjen e partnereve tane per te sjelle prane jush produkte cilesore. Tek ne do te gjeni gjithe gamen e artikujve qe ju nevojitet ne zyra, institucione si dhe artikuj shkollore.",https://eurooffice.al/product/toner-toshiba-t-2505e/
Toner Toshiba T-FC30EM   Magenta,18800,19500,18800,L,,true,https://eurooffice.al/wp-content/uploads/2020/05/tfc-30.jpg,"Prodhuesi:Toshiba Modeli:Toner Toshiba T-FC30EM Magenta Toner Toshiba per Printera Laser. Ky produkt cilesor ofron saktesi dhe definicion te larte per dokumentat e printuar. Instalohet lehtesisht ne printerin tuaj. Toner i zi qe mund te printoj ne total 24,000 flete. Te gjitha produktet tona jane te nje cilesie te larte dhe me cmimet me konkurruese ne treg. Ne tregohemi te kujdesshem ne perzgjedhjen e partnereve tane per te sjelle prane jush produkte cilesore. Tek ne do te gjeni gjithe gamen e artikujve qe ju nevojitet ne zyra, institucione si dhe artikuj shkollore.",https://eurooffice.al/product/toner-toshiba-t-fc30em-magenta/
Toner Toshiba T-FC30EK   Black,7800,9000,7800,L,,true,https://eurooffice.al/wp-content/uploads/2020/05/tfc-30.jpg,"Prodhuesi:Toshiba Modeli:Toner Toshiba T-FC30EK Black Toner Toshiba per Printera Laser. Ky produkt cilesor ofron saktesi dhe definicion te larte per dokumentat e printuar. Instalohet lehtesisht ne printerin tuaj. Toner i zi qe mund te printoj ne total 24,000 flete. Te gjitha produktet tona jane te nje cilesie te larte dhe me cmimet me konkurruese ne treg. Ne tregohemi te kujdesshem ne perzgjedhjen e partnereve tane per te sjelle prane jush produkte cilesore. Tek ne do te gjeni gjithe gamen e artikujve qe ju nevojitet ne zyra, institucione si dhe artikuj shkollore.",https://eurooffice.al/product/toner-toshiba-t-fc30ek-black/
"Toner Xerox PHASER 3052, PHASER 3260, WORKCENTRE 3215, WORKCENTRE 3225 106R02778",10000,12000,10000,L,,true,https://eurooffice.al/wp-content/uploads/2020/05/3215.jpg,"Prodhuesi: Xerox Modeli:Toner Xerox PHASER 3052, PHASER 3260, WORKCENTRE 3215, WORKCENTRE 3225 106R02778 Toner Xerox per Printera Laser. Ky produkt cilesor ofron saktesi dhe definicion te larte per dokumentat e printuar. Instalohet lehtesisht ne printerin tuaj. Toner i zi qe mund te printoj ne total 3,000 flete. Te gjitha produktet tona jane te nje cilesie te larte dhe me cmimet me konkurruese ne treg. Ne tregohemi te kujdesshem ne perzgjedhjen e partnereve tane per te sjelle prane jush produkte cilesore. Tek ne do te gjeni gjithe gamen e artikujve qe ju nevojitet ne zyra, institucione si dhe artikuj shkollore.",https://eurooffice.al/product/toner-xerox-phaser-3052-phaser-3260-workcentre-3215-workcentre-3225-106r02778/
Toner Lexmark CX 310  4 coloret,37200,39500,37200,L,,true,https://eurooffice.al/wp-content/uploads/2018/09/802.jpg,"Prodhuesi: Lexmark Modeli:Toner Lexmark CX 310 4 coloret Toner Lexmark per Printera Laser. Ky produkt cilesor ofron saktesi dhe definicion te larte per dokumentat e printuar. Instalohet lehtesisht ne printerin tuaj. Toner qe mund te printoj ne total 60,000 flete. Te gjitha produktet tona jane te nje cilesie te larte dhe me cmimet me konkurruese ne treg. Ne tregohemi te kujdesshem ne perzgjedhjen e partnereve tane per te sjelle prane jush produkte cilesore. Tek ne do te gjeni gjithe gamen e artikujve qe ju nevojitet ne zyra, institucione si dhe artikuj shkollore.",https://eurooffice.al/product/toner-lexmark-cx-310-4-coloret/
Toner Lexmark Mx 310  (60F2000),13200,14500,13200,L,,true,https://eurooffice.al/wp-content/uploads/2018/09/610.jpg,"Prodhuesi: Lexmark Modeli: Lexmark Mx 310 Toner Lexmark per Printera Laser. Ky produkt cilesor ofron saktesi dhe definicion te larte per dokumentat e printuar. Instalohet lehtesisht ne printerin tuaj. Toner qe mund te printoj ne total 60,000 flete. Te gjitha produktet tona jane te nje cilesie te larte dhe me cmimet me konkurruese ne treg. Ne tregohemi te kujdesshem ne perzgjedhjen e partnereve tane per te sjelle prane jush produkte cilesore. Tek ne do te gjeni gjithe gamen e artikujve qe ju nevojitet ne zyra, institucione si dhe artikuj shkollore.",https://eurooffice.al/product/lexmark-mx-310/
Toner Toshiba T-4530 E,9000,9700,9000,L,,true,https://eurooffice.al/wp-content/uploads/2020/05/ttst4530.jpg,"Prodhuesi:Toshiba Modeli:Toner Toshiba T-4530 E Toner Toshiba per Printera Laser. Ky produkt cilesor ofron saktesi dhe definicion te larte per dokumentat e printuar. Instalohet lehtesisht ne printerin tuaj. Toner i zi qe mund te printoj ne total 24,000 flete. Te gjitha produktet tona jane te nje cilesie te larte dhe me cmimet me konkurruese ne treg. Ne tregohemi te kujdesshem ne perzgjedhjen e partnereve tane per te sjelle prane jush produkte cilesore. Tek ne do te gjeni gjithe gamen e artikujve qe ju nevojitet ne zyra, institucione si dhe artikuj shkollore.",https://eurooffice.al/product/toner-toshiba-t-4530-e/
Toner MINOLTA BIZHUB 20P  TNP24,15000,16500,15000,L,,true,https://eurooffice.al/wp-content/uploads/2020/05/tnp24.jpg,"Prodhuesi: Minolta Modeli: Toner MINOLTA BIZHUB 20P TNP24 Toner Minolta per Printera Laser. Ky produkt cilesor ofron saktesi dhe definicion te larte per dokumentat e printuar. Instalohet lehtesisht ne printerin tuaj. Te gjitha produktet tona jane te nje cilesie te larte dhe me cmimet me konkurruese ne treg. Ne tregohemi te kujdesshem ne perzgjedhjen e partnereve tane per te sjelle prane jush produkte cilesore. Tek ne do te gjeni gjithe gamen e artikujve qe ju nevojitet ne zyra, institucione si dhe artikuj shkollore.",https://eurooffice.al/product/toner-minolta-bizhub-20p-tnp24/
Toner Samsung MLT-D111S,8000,8900,8000,L,,true,https://eurooffice.al/wp-content/uploads/2018/01/111.jpg,"Prodhuesi: Samsung Modeli: Toner Samsung MLT-D111S Toner Samsung per Printera Laser. Ky produkt cilesor ofron saktesi dhe definicion te larte per dokumentat e printuar. Instalohet lehtesisht ne printerin tuaj. Toner i zi qe mund te printoj ne total 1000 flete. Te gjitha produktet tona jane te nje cilesie te larte dhe me cmimet me konkurruese ne treg. Ne tregohemi te kujdesshem ne perzgjedhjen e partnereve tane per te sjelle prane jush produkte cilesore. Tek ne do te gjeni gjithe gamen e artikujve qe ju nevojitet ne zyra, institucione si dhe artikuj shkollore.",https://eurooffice.al/product/samsung-toner-111s/
Toner Toshiba T-2507 E,4500,5200,4500,L,,true,https://eurooffice.al/wp-content/uploads/2020/05/2507-Copy.jpg,"Prodhuesi:Toshiba Modeli:Toner Toshiba T-2507 E Toner Toshiba per Printera Laser. Ky produkt cilesor ofron saktesi dhe definicion te larte per dokumentat e printuar. Instalohet lehtesisht ne printerin tuaj. Toner i zi qe mund te printoj ne total 24,000 flete. Te gjitha produktet tona jane te nje cilesie te larte dhe me cmimet me konkurruese ne treg. Ne tregohemi te kujdesshem ne perzgjedhjen e partnereve tane per te sjelle prane jush produkte cilesore. Tek ne do te gjeni gjithe gamen e artikujve qe ju nevojitet ne zyra, institucione si dhe artikuj shkollore.",https://eurooffice.al/product/toner-toshiba-t-2507-e/
Toner Samsung MLT-D1052S,8000,9000,8000,L,,true,https://eurooffice.al/wp-content/uploads/2020/05/1052.jpg,"Prodhuesi: Samsung Modeli: Toner Samsung MLT-D1052S Toner Samsung per Printera Laser. Ky produkt cilesor ofron saktesi dhe definicion te larte per dokumentat e printuar. Instalohet lehtesisht ne printerin tuaj. Toner i zi qe mund te printoj ne total 1000 flete. Te gjitha produktet tona jane te nje cilesie te larte dhe me cmimet me konkurruese ne treg. Ne tregohemi te kujdesshem ne perzgjedhjen e partnereve tane per te sjelle prane jush produkte cilesore. Tek ne do te gjeni gjithe gamen e artikujve qe ju nevojitet ne zyra, institucione si dhe artikuj shkollore.",https://eurooffice.al/product/toner-samsung-mlt-d1052s/
Toner Samsung MLT-D101S,8000,9000,8000,L,,true,https://eurooffice.al/wp-content/uploads/2020/05/101.jpg,"Prodhuesi: Samsung Modeli: Toner Samsung MLT-D101S Toner Samsung per Printera Laser. Ky produkt cilesor ofron saktesi dhe definicion te larte per dokumentat e printuar. Instalohet lehtesisht ne printerin tuaj. Toner i zi qe mund te printoj ne total 1000 flete. Te gjitha produktet tona jane te nje cilesie te larte dhe me cmimet me konkurruese ne treg. Ne tregohemi te kujdesshem ne perzgjedhjen e partnereve tane per te sjelle prane jush produkte cilesore. Tek ne do te gjeni gjithe gamen e artikujve qe ju nevojitet ne zyra, institucione si dhe artikuj shkollore.",https://eurooffice.al/product/toner-samsung-mlt-d101s/
Toner Samsung MLT-D111S,6700,7700,6700,L,,true,https://eurooffice.al/wp-content/uploads/2018/01/111.jpg,"Prodhuesi: Samsung Modeli: Toner Samsung MLT-D111S Toner Samsung per Printera Laser. Ky produkt cilesor ofron saktesi dhe definicion te larte per dokumentat e printuar. Instalohet lehtesisht ne printerin tuaj. Toner i zi qe mund te printoj ne total 1000 flete. Te gjitha produktet tona jane te nje cilesie te larte dhe me cmimet me konkurruese ne treg. Ne tregohemi te kujdesshem ne perzgjedhjen e partnereve tane per te sjelle prane jush produkte cilesore. Tek ne do te gjeni gjithe gamen e artikujve qe ju nevojitet ne zyra, institucione si dhe artikuj shkollore.",https://eurooffice.al/product/toner-samsung-mlt-d111s/
Toner Toshiba T-1810E,9000,9800,9000,L,,true,https://eurooffice.al/wp-content/uploads/2020/05/1810-E.jpg,"Prodhuesi:Toshiba Modeli: Toner Toshiba T-1810E Toner Toshiba per Printera Laser. Ky produkt cilesor ofron saktesi dhe definicion te larte per dokumentat e printuar. Instalohet lehtesisht ne printerin tuaj. Toner i zi qe mund te printoj ne total 24,000 flete. Te gjitha produktet tona jane te nje cilesie te larte dhe me cmimet me konkurruese ne treg. Ne tregohemi te kujdesshem ne perzgjedhjen e partnereve tane per te sjelle prane jush produkte cilesore. Tek ne do te gjeni gjithe gamen e artikujve qe ju nevojitet ne zyra, institucione si dhe artikuj shkollore.",https://eurooffice.al/product/toner-toshiba-t-1810e/
"Toner MINOLTA BIZHUB C224, BIZHUB C284, BIZHUB C364   (A33K150) TN321C black",5800,7000,5800,L,,true,https://eurooffice.al/wp-content/uploads/2020/05/TN-321.jpg,"Prodhuesi: Minolta Modeli: Toner MINOLTA BIZHUB C224, BIZHUB C284, BIZHUB C364 (A33K150) TN321C black Toner Minolta per Printera Laser. Ky produkt cilesor ofron saktesi dhe definicion te larte per dokumentat e printuar. Instalohet lehtesisht ne printerin tuaj. Te gjitha produktet tona jane te nje cilesie te larte dhe me cmimet me konkurruese ne treg. Ne tregohemi te kujdesshem ne perzgjedhjen e partnereve tane per te sjelle prane jush produkte cilesore. Tek ne do te gjeni gjithe gamen e artikujve qe ju nevojitet ne zyra, institucione si dhe artikuj shkollore.",https://eurooffice.al/product/toner-minolta-bizhub-c224-bizhub-c284-bizhub-c364-a33k150-tn321c-black/
"Toner MINOLTA BIZHUB C224, BIZHUB C284, BIZHUB C364  (A33K350) (TN321M) Magenta",13500,15000,13500,L,,true,https://eurooffice.al/wp-content/uploads/2020/05/TN-321.jpg,"Prodhuesi: Minolta Modeli: Toner MINOLTA BIZHUB C224, BIZHUB C284, BIZHUB C364 (A33K350) (TN321M) Magenta Toner Minolta per Printera Laser. Ky produkt cilesor ofron saktesi dhe definicion te larte per dokumentat e printuar. Instalohet lehtesisht ne printerin tuaj. Te gjitha produktet tona jane te nje cilesie te larte dhe me cmimet me konkurruese ne treg. Ne tregohemi te kujdesshem ne perzgjedhjen e partnereve tane per te sjelle prane jush produkte cilesore. Tek ne do te gjeni gjithe gamen e artikujve qe ju nevojitet ne zyra, institucione si dhe artikuj shkollore.",https://eurooffice.al/product/toner-minolta-bizhub-c224-bizhub-c284-bizhub-c364-a33k350-tn321m-magenta/
